,quote_date,stock,type,indicators,valor
0,2023-01-01,bbas3,valuation,D.Y,0.0948
1,2022-01-01,bbas3,valuation,D.Y,0.1201
2,2021-01-01,bbas3,valuation,D.Y,0.0786
3,2020-01-01,bbas3,valuation,D.Y,0.0381
4,2019-01-01,bbas3,valuation,D.Y,0.0484
5,2018-01-01,bbas3,valuation,D.Y,0.0326
6,2017-01-01,bbas3,valuation,D.Y,0.0296
7,2016-01-01,bbas3,valuation,D.Y,0.0265
8,2015-01-01,bbas3,valuation,D.Y,0.1142
9,2014-01-01,bbas3,valuation,D.Y,0.0697
10,2013-01-01,bbas3,valuation,D.Y,0.0968
11,2012-01-01,bbas3,valuation,D.Y,0.0633
12,2011-01-01,bbas3,valuation,D.Y,0.0793
13,2023-01-01,bbas3,valuation,P/L,4.27
14,2022-01-01,bbas3,valuation,P/L,3.33
15,2021-01-01,bbas3,valuation,P/L,4.19
16,2020-01-01,bbas3,valuation,P/L,8.36
17,2019-01-01,bbas3,valuation,P/L,9.23
18,2018-01-01,bbas3,valuation,P/L,9.64
19,2017-01-01,bbas3,valuation,P/L,8.58
20,2016-01-01,bbas3,valuation,P/L,11.45
21,2015-01-01,bbas3,valuation,P/L,3.0
22,2014-01-01,bbas3,valuation,P/L,5.75
23,2013-01-01,bbas3,valuation,P/L,6.7
24,2012-01-01,bbas3,valuation,P/L,6.52
25,2011-01-01,bbas3,valuation,P/L,5.35
26,2023-01-01,bbas3,valuation,PEG RATIO,0.1
27,2022-01-01,bbas3,valuation,PEG RATIO,0.06
28,2021-01-01,bbas3,valuation,PEG RATIO,
29,2020-01-01,bbas3,valuation,PEG RATIO,
30,2019-01-01,bbas3,valuation,PEG RATIO,
31,2018-01-01,bbas3,valuation,PEG RATIO,0.32
32,2017-01-01,bbas3,valuation,PEG RATIO,0.17
33,2016-01-01,bbas3,valuation,PEG RATIO,-0.23
34,2015-01-01,bbas3,valuation,PEG RATIO,0.16
35,2014-01-01,bbas3,valuation,PEG RATIO,0.42
36,2013-01-01,bbas3,valuation,PEG RATIO,-0.93
37,2012-01-01,bbas3,valuation,PEG RATIO,-0.58
38,2011-01-01,bbas3,valuation,PEG RATIO,
39,2023-01-01,bbas3,valuation,P/VP,0.85
40,2022-01-01,bbas3,valuation,P/VP,0.62
41,2021-01-01,bbas3,valuation,P/VP,0.58
42,2020-01-01,bbas3,valuation,P/VP,0.95
43,2019-01-01,bbas3,valuation,P/VP,1.53
44,2018-01-01,bbas3,valuation,P/VP,1.45
45,2017-01-01,bbas3,valuation,P/VP,1.04
46,2016-01-01,bbas3,valuation,P/VP,1.06
47,2015-01-01,bbas3,valuation,P/VP,0.6
48,2014-01-01,bbas3,valuation,P/VP,0.98
49,2013-01-01,bbas3,valuation,P/VP,1.0
50,2012-01-01,bbas3,valuation,P/VP,1.2
51,2011-01-01,bbas3,valuation,P/VP,1.17
52,2023-01-01,bbas3,valuation,EV/EBITDA,
53,2022-01-01,bbas3,valuation,EV/EBITDA,
54,2021-01-01,bbas3,valuation,EV/EBITDA,
55,2020-01-01,bbas3,valuation,EV/EBITDA,
56,2019-01-01,bbas3,valuation,EV/EBITDA,
57,2018-01-01,bbas3,valuation,EV/EBITDA,
58,2017-01-01,bbas3,valuation,EV/EBITDA,
59,2016-01-01,bbas3,valuation,EV/EBITDA,
60,2015-01-01,bbas3,valuation,EV/EBITDA,
61,2014-01-01,bbas3,valuation,EV/EBITDA,
62,2013-01-01,bbas3,valuation,EV/EBITDA,
63,2012-01-01,bbas3,valuation,EV/EBITDA,
64,2011-01-01,bbas3,valuation,EV/EBITDA,
65,2023-01-01,bbas3,valuation,EV/EBIT,3.26
66,2022-01-01,bbas3,valuation,EV/EBIT,2.6
67,2021-01-01,bbas3,valuation,EV/EBIT,3.45
68,2020-01-01,bbas3,valuation,EV/EBIT,9.6
69,2019-01-01,bbas3,valuation,EV/EBIT,13.59
70,2018-01-01,bbas3,valuation,EV/EBIT,6.53
71,2017-01-01,bbas3,valuation,EV/EBIT,5.72
72,2016-01-01,bbas3,valuation,EV/EBIT,7.39
73,2015-01-01,bbas3,valuation,EV/EBIT,4.17
74,2014-01-01,bbas3,valuation,EV/EBIT,4.36
75,2013-01-01,bbas3,valuation,EV/EBIT,5.44
76,2012-01-01,bbas3,valuation,EV/EBIT,4.89
77,2011-01-01,bbas3,valuation,EV/EBIT,3.79
78,2023-01-01,bbas3,valuation,P/EBITDA,
79,2022-01-01,bbas3,valuation,P/EBITDA,
80,2021-01-01,bbas3,valuation,P/EBITDA,
81,2020-01-01,bbas3,valuation,P/EBITDA,
82,2019-01-01,bbas3,valuation,P/EBITDA,
83,2018-01-01,bbas3,valuation,P/EBITDA,
84,2017-01-01,bbas3,valuation,P/EBITDA,
85,2016-01-01,bbas3,valuation,P/EBITDA,
86,2015-01-01,bbas3,valuation,P/EBITDA,
87,2014-01-01,bbas3,valuation,P/EBITDA,
88,2013-01-01,bbas3,valuation,P/EBITDA,
89,2012-01-01,bbas3,valuation,P/EBITDA,
90,2011-01-01,bbas3,valuation,P/EBITDA,
91,2023-01-01,bbas3,valuation,P/EBIT,3.26
92,2022-01-01,bbas3,valuation,P/EBIT,2.6
93,2021-01-01,bbas3,valuation,P/EBIT,3.45
94,2020-01-01,bbas3,valuation,P/EBIT,9.6
95,2019-01-01,bbas3,valuation,P/EBIT,13.59
96,2018-01-01,bbas3,valuation,P/EBIT,6.53
97,2017-01-01,bbas3,valuation,P/EBIT,5.72
98,2016-01-01,bbas3,valuation,P/EBIT,7.39
99,2015-01-01,bbas3,valuation,P/EBIT,4.17
100,2014-01-01,bbas3,valuation,P/EBIT,4.36
101,2013-01-01,bbas3,valuation,P/EBIT,5.44
102,2012-01-01,bbas3,valuation,P/EBIT,4.89
103,2011-01-01,bbas3,valuation,P/EBIT,3.79
104,2023-01-01,bbas3,valuation,VPA,56.75
105,2022-01-01,bbas3,valuation,VPA,55.58
106,2021-01-01,bbas3,valuation,VPA,49.82
107,2020-01-01,bbas3,valuation,VPA,40.74
108,2019-01-01,bbas3,valuation,VPA,34.51
109,2018-01-01,bbas3,valuation,VPA,32.1
110,2017-01-01,bbas3,valuation,VPA,30.55
111,2016-01-01,bbas3,valuation,VPA,26.6
112,2015-01-01,bbas3,valuation,VPA,24.66
113,2014-01-01,bbas3,valuation,VPA,24.37
114,2013-01-01,bbas3,valuation,VPA,24.38
115,2012-01-01,bbas3,valuation,VPA,21.36
116,2011-01-01,bbas3,valuation,VPA,20.33
117,2023-01-01,bbas3,valuation,P/ATIVO,0.07
118,2022-01-01,bbas3,valuation,P/ATIVO,0.05
119,2021-01-01,bbas3,valuation,P/ATIVO,0.04
120,2020-01-01,bbas3,valuation,P/ATIVO,0.06
121,2019-01-01,bbas3,valuation,P/ATIVO,0.1
122,2018-01-01,bbas3,valuation,P/ATIVO,0.09
123,2017-01-01,bbas3,valuation,P/ATIVO,0.06
124,2016-01-01,bbas3,valuation,P/ATIVO,0.05
125,2015-01-01,bbas3,valuation,P/ATIVO,0.03
126,2014-01-01,bbas3,valuation,P/ATIVO,0.05
127,2013-01-01,bbas3,valuation,P/ATIVO,0.06
128,2012-01-01,bbas3,valuation,P/ATIVO,0.07
129,2011-01-01,bbas3,valuation,P/ATIVO,0.08
130,2023-01-01,bbas3,valuation,LPA,11.36
131,2022-01-01,bbas3,valuation,LPA,10.42
132,2021-01-01,bbas3,valuation,LPA,6.88
133,2020-01-01,bbas3,valuation,LPA,4.64
134,2019-01-01,bbas3,valuation,LPA,5.72
135,2018-01-01,bbas3,valuation,LPA,4.83
136,2017-01-01,bbas3,valuation,LPA,3.71
137,2016-01-01,bbas3,valuation,LPA,2.45
138,2015-01-01,bbas3,valuation,LPA,4.91
139,2014-01-01,bbas3,valuation,LPA,4.14
140,2013-01-01,bbas3,valuation,LPA,3.64
141,2012-01-01,bbas3,valuation,LPA,3.92
142,2011-01-01,bbas3,valuation,LPA,4.43
143,2023-01-01,bbas3,valuation,P/SR,0.53
144,2022-01-01,bbas3,valuation,P/SR,0.42
145,2021-01-01,bbas3,valuation,P/SR,0.66
146,2020-01-01,bbas3,valuation,P/SR,1.13
147,2019-01-01,bbas3,valuation,P/SR,1.23
148,2018-01-01,bbas3,valuation,P/SR,1.11
149,2017-01-01,bbas3,valuation,P/SR,0.62
150,2016-01-01,bbas3,valuation,P/SR,0.46
151,2015-01-01,bbas3,valuation,P/SR,0.23
152,2014-01-01,bbas3,valuation,P/SR,0.49
153,2013-01-01,bbas3,valuation,P/SR,0.67
154,2012-01-01,bbas3,valuation,P/SR,0.78
155,2011-01-01,bbas3,valuation,P/SR,0.73
156,2023-01-01,bbas3,valuation,P/CAP. GIRO,2.31
157,2022-01-01,bbas3,valuation,P/CAP. GIRO,1.51
158,2021-01-01,bbas3,valuation,P/CAP. GIRO,1.58
159,2020-01-01,bbas3,valuation,P/CAP. GIRO,0.66
160,2019-01-01,bbas3,valuation,P/CAP. GIRO,-0.51
161,2018-01-01,bbas3,valuation,P/CAP. GIRO,-0.62
162,2017-01-01,bbas3,valuation,P/CAP. GIRO,-0.36
163,2016-01-01,bbas3,valuation,P/CAP. GIRO,-0.31
164,2015-01-01,bbas3,valuation,P/CAP. GIRO,-0.22
165,2014-01-01,bbas3,valuation,P/CAP. GIRO,-0.32
166,2013-01-01,bbas3,valuation,P/CAP. GIRO,-0.52
167,2012-01-01,bbas3,valuation,P/CAP. GIRO,-0.87
168,2011-01-01,bbas3,valuation,P/CAP. GIRO,-1.26
169,2023-01-01,bbas3,valuation,P/ATIVO CIRC. LIQ.,-0.07
170,2022-01-01,bbas3,valuation,P/ATIVO CIRC. LIQ.,-0.05
171,2021-01-01,bbas3,valuation,P/ATIVO CIRC. LIQ.,-0.04
172,2020-01-01,bbas3,valuation,P/ATIVO CIRC. LIQ.,-0.07
173,2019-01-01,bbas3,valuation,P/ATIVO CIRC. LIQ.,-0.2
174,2018-01-01,bbas3,valuation,P/ATIVO CIRC. LIQ.,-0.2
175,2017-01-01,bbas3,valuation,P/ATIVO CIRC. LIQ.,-0.14
176,2016-01-01,bbas3,valuation,P/ATIVO CIRC. LIQ.,-0.11
177,2015-01-01,bbas3,valuation,P/ATIVO CIRC. LIQ.,-0.1
178,2014-01-01,bbas3,valuation,P/ATIVO CIRC. LIQ.,-0.1
179,2013-01-01,bbas3,valuation,P/ATIVO CIRC. LIQ.,-0.12
180,2012-01-01,bbas3,valuation,P/ATIVO CIRC. LIQ.,-0.16
181,2011-01-01,bbas3,valuation,P/ATIVO CIRC. LIQ.,-0.18
182,2023-01-01,bbas3,eficiencia,M. BRUTA,0.3203
183,2022-01-01,bbas3,eficiencia,M. BRUTA,0.3143
184,2021-01-01,bbas3,eficiencia,M. BRUTA,0.4738
185,2020-01-01,bbas3,eficiencia,M. BRUTA,0.5618
186,2019-01-01,bbas3,eficiencia,M. BRUTA,0.275
187,2018-01-01,bbas3,eficiencia,M. BRUTA,0.3167999999999999
188,2017-01-01,bbas3,eficiencia,M. BRUTA,0.2130999999999999
189,2016-01-01,bbas3,eficiencia,M. BRUTA,0.1757999999999999
190,2015-01-01,bbas3,eficiencia,M. BRUTA,0.1232
191,2014-01-01,bbas3,eficiencia,M. BRUTA,0.2312999999999999
192,2013-01-01,bbas3,eficiencia,M. BRUTA,0.2888
193,2012-01-01,bbas3,eficiencia,M. BRUTA,0.3204999999999999
194,2011-01-01,bbas3,eficiencia,M. BRUTA,0.3248
195,2010-01-01,bbas3,eficiencia,M. BRUTA,0.4036
196,2009-01-01,bbas3,eficiencia,M. BRUTA,0.4186999999999999
197,2023-01-01,bbas3,eficiencia,M. EBITDA,
198,2022-01-01,bbas3,eficiencia,M. EBITDA,
199,2021-01-01,bbas3,eficiencia,M. EBITDA,
200,2020-01-01,bbas3,eficiencia,M. EBITDA,
201,2019-01-01,bbas3,eficiencia,M. EBITDA,
202,2018-01-01,bbas3,eficiencia,M. EBITDA,
203,2017-01-01,bbas3,eficiencia,M. EBITDA,
204,2016-01-01,bbas3,eficiencia,M. EBITDA,
205,2015-01-01,bbas3,eficiencia,M. EBITDA,
206,2014-01-01,bbas3,eficiencia,M. EBITDA,
207,2013-01-01,bbas3,eficiencia,M. EBITDA,
208,2012-01-01,bbas3,eficiencia,M. EBITDA,
209,2011-01-01,bbas3,eficiencia,M. EBITDA,
210,2010-01-01,bbas3,eficiencia,M. EBITDA,
211,2009-01-01,bbas3,eficiencia,M. EBITDA,
212,2023-01-01,bbas3,eficiencia,M. EBIT,0.1616
213,2022-01-01,bbas3,eficiencia,M. EBIT,0.1619
214,2021-01-01,bbas3,eficiencia,M. EBIT,0.1905
215,2020-01-01,bbas3,eficiencia,M. EBIT,0.1173
216,2019-01-01,bbas3,eficiencia,M. EBIT,0.0905
217,2018-01-01,bbas3,eficiencia,M. EBIT,0.1698
218,2017-01-01,bbas3,eficiencia,M. EBIT,0.1083
219,2016-01-01,bbas3,eficiencia,M. EBIT,0.0617999999999999
220,2015-01-01,bbas3,eficiencia,M. EBIT,0.0556
221,2014-01-01,bbas3,eficiencia,M. EBIT,0.1133
222,2013-01-01,bbas3,eficiencia,M. EBIT,0.123
223,2012-01-01,bbas3,eficiencia,M. EBIT,0.1594
224,2011-01-01,bbas3,eficiencia,M. EBIT,0.1921
225,2010-01-01,bbas3,eficiencia,M. EBIT,0.1944
226,2009-01-01,bbas3,eficiencia,M. EBIT,0.2903
227,2023-01-01,bbas3,eficiencia,M. LIQUIDA,0.1235
228,2022-01-01,bbas3,eficiencia,M. LIQUIDA,0.1261999999999999
229,2021-01-01,bbas3,eficiencia,M. LIQUIDA,0.1566
230,2020-01-01,bbas3,eficiencia,M. LIQUIDA,0.1347
231,2019-01-01,bbas3,eficiencia,M. LIQUIDA,0.1332
232,2018-01-01,bbas3,eficiencia,M. LIQUIDA,0.115
233,2017-01-01,bbas3,eficiencia,M. LIQUIDA,0.0723
234,2016-01-01,bbas3,eficiencia,M. LIQUIDA,0.0399
235,2015-01-01,bbas3,eficiencia,M. LIQUIDA,0.0771
236,2014-01-01,bbas3,eficiencia,M. LIQUIDA,0.086
237,2013-01-01,bbas3,eficiencia,M. LIQUIDA,0.0998
238,2012-01-01,bbas3,eficiencia,M. LIQUIDA,0.1193999999999999
239,2011-01-01,bbas3,eficiencia,M. LIQUIDA,0.1361
240,2010-01-01,bbas3,eficiencia,M. LIQUIDA,0.1326999999999999
241,2009-01-01,bbas3,eficiencia,M. LIQUIDA,0.1987999999999999
242,2023-01-01,bbas3,endividamento,DIV. LIQUIDA/PL,
243,2022-01-01,bbas3,endividamento,DIV. LIQUIDA/PL,
244,2021-01-01,bbas3,endividamento,DIV. LIQUIDA/PL,
245,2020-01-01,bbas3,endividamento,DIV. LIQUIDA/PL,
246,2019-01-01,bbas3,endividamento,DIV. LIQUIDA/PL,
247,2018-01-01,bbas3,endividamento,DIV. LIQUIDA/PL,
248,2017-01-01,bbas3,endividamento,DIV. LIQUIDA/PL,
249,2016-01-01,bbas3,endividamento,DIV. LIQUIDA/PL,
250,2015-01-01,bbas3,endividamento,DIV. LIQUIDA/PL,
251,2014-01-01,bbas3,endividamento,DIV. LIQUIDA/PL,
252,2013-01-01,bbas3,endividamento,DIV. LIQUIDA/PL,
253,2012-01-01,bbas3,endividamento,DIV. LIQUIDA/PL,
254,2011-01-01,bbas3,endividamento,DIV. LIQUIDA/PL,
255,2010-01-01,bbas3,endividamento,DIV. LIQUIDA/PL,
256,2009-01-01,bbas3,endividamento,DIV. LIQUIDA/PL,
257,2023-01-01,bbas3,endividamento,DIV. LIQUIDA/EBITDA,
258,2022-01-01,bbas3,endividamento,DIV. LIQUIDA/EBITDA,
259,2021-01-01,bbas3,endividamento,DIV. LIQUIDA/EBITDA,
260,2020-01-01,bbas3,endividamento,DIV. LIQUIDA/EBITDA,
261,2019-01-01,bbas3,endividamento,DIV. LIQUIDA/EBITDA,
262,2018-01-01,bbas3,endividamento,DIV. LIQUIDA/EBITDA,
263,2017-01-01,bbas3,endividamento,DIV. LIQUIDA/EBITDA,
264,2016-01-01,bbas3,endividamento,DIV. LIQUIDA/EBITDA,
265,2015-01-01,bbas3,endividamento,DIV. LIQUIDA/EBITDA,
266,2014-01-01,bbas3,endividamento,DIV. LIQUIDA/EBITDA,
267,2013-01-01,bbas3,endividamento,DIV. LIQUIDA/EBITDA,
268,2012-01-01,bbas3,endividamento,DIV. LIQUIDA/EBITDA,
269,2011-01-01,bbas3,endividamento,DIV. LIQUIDA/EBITDA,
270,2010-01-01,bbas3,endividamento,DIV. LIQUIDA/EBITDA,
271,2009-01-01,bbas3,endividamento,DIV. LIQUIDA/EBITDA,
272,2023-01-01,bbas3,endividamento,DIV. LIQUIDA/EBIT,
273,2022-01-01,bbas3,endividamento,DIV. LIQUIDA/EBIT,
274,2021-01-01,bbas3,endividamento,DIV. LIQUIDA/EBIT,
275,2020-01-01,bbas3,endividamento,DIV. LIQUIDA/EBIT,
276,2019-01-01,bbas3,endividamento,DIV. LIQUIDA/EBIT,
277,2018-01-01,bbas3,endividamento,DIV. LIQUIDA/EBIT,
278,2017-01-01,bbas3,endividamento,DIV. LIQUIDA/EBIT,
279,2016-01-01,bbas3,endividamento,DIV. LIQUIDA/EBIT,
280,2015-01-01,bbas3,endividamento,DIV. LIQUIDA/EBIT,
281,2014-01-01,bbas3,endividamento,DIV. LIQUIDA/EBIT,
282,2013-01-01,bbas3,endividamento,DIV. LIQUIDA/EBIT,
283,2012-01-01,bbas3,endividamento,DIV. LIQUIDA/EBIT,
284,2011-01-01,bbas3,endividamento,DIV. LIQUIDA/EBIT,
285,2010-01-01,bbas3,endividamento,DIV. LIQUIDA/EBIT,
286,2009-01-01,bbas3,endividamento,DIV. LIQUIDA/EBIT,
287,2023-01-01,bbas3,endividamento,PL/ATIVOS,0.08
288,2022-01-01,bbas3,endividamento,PL/ATIVOS,0.08
289,2021-01-01,bbas3,endividamento,PL/ATIVOS,0.07
290,2020-01-01,bbas3,endividamento,PL/ATIVOS,0.07
291,2019-01-01,bbas3,endividamento,PL/ATIVOS,0.07
292,2018-01-01,bbas3,endividamento,PL/ATIVOS,0.07
293,2017-01-01,bbas3,endividamento,PL/ATIVOS,0.07
294,2016-01-01,bbas3,endividamento,PL/ATIVOS,0.06
295,2015-01-01,bbas3,endividamento,PL/ATIVOS,0.06
296,2014-01-01,bbas3,endividamento,PL/ATIVOS,0.06
297,2013-01-01,bbas3,endividamento,PL/ATIVOS,0.06
298,2012-01-01,bbas3,endividamento,PL/ATIVOS,0.06
299,2011-01-01,bbas3,endividamento,PL/ATIVOS,0.07
300,2010-01-01,bbas3,endividamento,PL/ATIVOS,0.07
301,2009-01-01,bbas3,endividamento,PL/ATIVOS,0.06
302,2023-01-01,bbas3,endividamento,PASSIVOS/ATIVOS,0.92
303,2022-01-01,bbas3,endividamento,PASSIVOS/ATIVOS,0.92
304,2021-01-01,bbas3,endividamento,PASSIVOS/ATIVOS,0.88
305,2020-01-01,bbas3,endividamento,PASSIVOS/ATIVOS,0.88
306,2019-01-01,bbas3,endividamento,PASSIVOS/ATIVOS,0.87
307,2018-01-01,bbas3,endividamento,PASSIVOS/ATIVOS,0.93
308,2017-01-01,bbas3,endividamento,PASSIVOS/ATIVOS,0.93
309,2016-01-01,bbas3,endividamento,PASSIVOS/ATIVOS,0.94
310,2015-01-01,bbas3,endividamento,PASSIVOS/ATIVOS,0.94
311,2014-01-01,bbas3,endividamento,PASSIVOS/ATIVOS,0.93
312,2013-01-01,bbas3,endividamento,PASSIVOS/ATIVOS,0.93
313,2012-01-01,bbas3,endividamento,PASSIVOS/ATIVOS,0.94
314,2011-01-01,bbas3,endividamento,PASSIVOS/ATIVOS,0.93
315,2010-01-01,bbas3,endividamento,PASSIVOS/ATIVOS,0.93
316,2009-01-01,bbas3,endividamento,PASSIVOS/ATIVOS,0.94
317,2023-01-01,bbas3,endividamento,LIQ. CORRENTE,12.76
318,2022-01-01,bbas3,endividamento,LIQ. CORRENTE,24.89
319,2021-01-01,bbas3,endividamento,LIQ. CORRENTE,26.54
320,2020-01-01,bbas3,endividamento,LIQ. CORRENTE,56.87
321,2019-01-01,bbas3,endividamento,LIQ. CORRENTE,0.07
322,2018-01-01,bbas3,endividamento,LIQ. CORRENTE,
323,2017-01-01,bbas3,endividamento,LIQ. CORRENTE,
324,2016-01-01,bbas3,endividamento,LIQ. CORRENTE,
325,2015-01-01,bbas3,endividamento,LIQ. CORRENTE,
326,2014-01-01,bbas3,endividamento,LIQ. CORRENTE,
327,2013-01-01,bbas3,endividamento,LIQ. CORRENTE,
328,2012-01-01,bbas3,endividamento,LIQ. CORRENTE,
329,2011-01-01,bbas3,endividamento,LIQ. CORRENTE,
330,2010-01-01,bbas3,endividamento,LIQ. CORRENTE,
331,2009-01-01,bbas3,endividamento,LIQ. CORRENTE,
332,2023-01-01,bbas3,rentabilidade,ROE,0.2001
333,2022-01-01,bbas3,rentabilidade,ROE,0.1878
334,2021-01-01,bbas3,rentabilidade,ROE,0.1382
335,2020-01-01,bbas3,rentabilidade,ROE,0.1063
336,2019-01-01,bbas3,rentabilidade,ROE,0.1522
337,2018-01-01,bbas3,rentabilidade,ROE,0.1357
338,2017-01-01,bbas3,rentabilidade,ROE,0.1092
339,2016-01-01,bbas3,rentabilidade,ROE,0.0814
340,2015-01-01,bbas3,rentabilidade,ROE,0.1704
341,2014-01-01,bbas3,rentabilidade,ROE,0.1449
342,2013-01-01,bbas3,rentabilidade,ROE,0.1426
343,2012-01-01,bbas3,rentabilidade,ROE,0.1626
344,2011-01-01,bbas3,rentabilidade,ROE,0.1991
345,2010-01-01,bbas3,rentabilidade,ROE,0.208
346,2009-01-01,bbas3,rentabilidade,ROE,0.3325
347,2023-01-01,bbas3,rentabilidade,ROA,0.0157
348,2022-01-01,bbas3,rentabilidade,ROA,0.0149
349,2021-01-01,bbas3,rentabilidade,ROA,0.0098999999999999
350,2020-01-01,bbas3,rentabilidade,ROA,0.0075
351,2019-01-01,bbas3,rentabilidade,ROA,0.0107
352,2018-01-01,bbas3,rentabilidade,ROA,0.0098999999999999
353,2017-01-01,bbas3,rentabilidade,ROA,0.0079
354,2016-01-01,bbas3,rentabilidade,ROA,0.0051
355,2015-01-01,bbas3,rentabilidade,ROA,0.0101
356,2014-01-01,bbas3,rentabilidade,ROA,0.0093
357,2013-01-01,bbas3,rentabilidade,ROA,0.009
358,2012-01-01,bbas3,rentabilidade,ROA,0.0098999999999999
359,2011-01-01,bbas3,rentabilidade,ROA,0.0131
360,2010-01-01,bbas3,rentabilidade,ROA,0.0141
361,2009-01-01,bbas3,rentabilidade,ROA,0.0191
362,2023-01-01,bbas3,rentabilidade,ROIC,
363,2022-01-01,bbas3,rentabilidade,ROIC,
364,2021-01-01,bbas3,rentabilidade,ROIC,
365,2020-01-01,bbas3,rentabilidade,ROIC,
366,2019-01-01,bbas3,rentabilidade,ROIC,
367,2018-01-01,bbas3,rentabilidade,ROIC,
368,2017-01-01,bbas3,rentabilidade,ROIC,
369,2016-01-01,bbas3,rentabilidade,ROIC,
370,2015-01-01,bbas3,rentabilidade,ROIC,
371,2014-01-01,bbas3,rentabilidade,ROIC,
372,2013-01-01,bbas3,rentabilidade,ROIC,
373,2012-01-01,bbas3,rentabilidade,ROIC,
374,2011-01-01,bbas3,rentabilidade,ROIC,
375,2010-01-01,bbas3,rentabilidade,ROIC,
376,2009-01-01,bbas3,rentabilidade,ROIC,
377,2023-01-01,bbas3,rentabilidade,GIRO ATIVOS,0.13
378,2022-01-01,bbas3,rentabilidade,GIRO ATIVOS,0.12
379,2021-01-01,bbas3,rentabilidade,GIRO ATIVOS,0.06
380,2020-01-01,bbas3,rentabilidade,GIRO ATIVOS,0.06
381,2019-01-01,bbas3,rentabilidade,GIRO ATIVOS,0.08
382,2018-01-01,bbas3,rentabilidade,GIRO ATIVOS,0.09
383,2017-01-01,bbas3,rentabilidade,GIRO ATIVOS,0.11
384,2016-01-01,bbas3,rentabilidade,GIRO ATIVOS,0.13
385,2015-01-01,bbas3,rentabilidade,GIRO ATIVOS,0.13
386,2014-01-01,bbas3,rentabilidade,GIRO ATIVOS,0.11
387,2013-01-01,bbas3,rentabilidade,GIRO ATIVOS,0.09
388,2012-01-01,bbas3,rentabilidade,GIRO ATIVOS,0.08
389,2011-01-01,bbas3,rentabilidade,GIRO ATIVOS,0.1
390,2010-01-01,bbas3,rentabilidade,GIRO ATIVOS,0.11
391,2009-01-01,bbas3,rentabilidade,GIRO ATIVOS,0.1
392,2023-01-01,bbas3,crescimento,CAGR RECEITAS 5 ANOS,0.0997
393,2022-01-01,bbas3,crescimento,CAGR RECEITAS 5 ANOS,0.0997
394,2021-01-01,bbas3,crescimento,CAGR RECEITAS 5 ANOS,-0.065
395,2020-01-01,bbas3,crescimento,CAGR RECEITAS 5 ANOS,-0.1156
396,2019-01-01,bbas3,crescimento,CAGR RECEITAS 5 ANOS,-0.0223
397,2018-01-01,bbas3,crescimento,CAGR RECEITAS 5 ANOS,0.0283
398,2017-01-01,bbas3,crescimento,CAGR RECEITAS 5 ANOS,0.0932
399,2016-01-01,bbas3,crescimento,CAGR RECEITAS 5 ANOS,0.1359
400,2015-01-01,bbas3,crescimento,CAGR RECEITAS 5 ANOS,0.1646
401,2014-01-01,bbas3,crescimento,CAGR RECEITAS 5 ANOS,0.153
402,2013-01-01,bbas3,crescimento,CAGR RECEITAS 5 ANOS,
403,2012-01-01,bbas3,crescimento,CAGR RECEITAS 5 ANOS,
404,2011-01-01,bbas3,crescimento,CAGR RECEITAS 5 ANOS,
405,2010-01-01,bbas3,crescimento,CAGR RECEITAS 5 ANOS,
406,2009-01-01,bbas3,crescimento,CAGR RECEITAS 5 ANOS,
407,2023-01-01,bbas3,crescimento,CAGR LUCROS 5 ANOS,0.2507999999999999
408,2022-01-01,bbas3,crescimento,CAGR LUCROS 5 ANOS,0.2294
409,2021-01-01,bbas3,crescimento,CAGR LUCROS 5 ANOS,0.2292
410,2020-01-01,bbas3,crescimento,CAGR LUCROS 5 ANOS,-0.0113
411,2019-01-01,bbas3,crescimento,CAGR LUCROS 5 ANOS,0.0670999999999999
412,2018-01-01,bbas3,crescimento,CAGR LUCROS 5 ANOS,0.0578
413,2017-01-01,bbas3,crescimento,CAGR LUCROS 5 ANOS,-0.0112
414,2016-01-01,bbas3,crescimento,CAGR LUCROS 5 ANOS,-0.1114
415,2015-01-01,bbas3,crescimento,CAGR LUCROS 5 ANOS,0.0449
416,2014-01-01,bbas3,crescimento,CAGR LUCROS 5 ANOS,-0.0249
417,2013-01-01,bbas3,crescimento,CAGR LUCROS 5 ANOS,
418,2012-01-01,bbas3,crescimento,CAGR LUCROS 5 ANOS,
419,2011-01-01,bbas3,crescimento,CAGR LUCROS 5 ANOS,
420,2010-01-01,bbas3,crescimento,CAGR LUCROS 5 ANOS,
421,2009-01-01,bbas3,crescimento,CAGR LUCROS 5 ANOS,
0,2023-01-01,bbdc4,valuation,D.Y,0.0697
1,2022-01-01,bbdc4,valuation,D.Y,0.0279999999999999
2,2021-01-01,bbdc4,valuation,D.Y,0.0533999999999999
3,2020-01-01,bbdc4,valuation,D.Y,0.0260999999999999
4,2019-01-01,bbdc4,valuation,D.Y,0.0567999999999999
5,2018-01-01,bbdc4,valuation,D.Y,0.0297
6,2017-01-01,bbdc4,valuation,D.Y,0.0318
7,2016-01-01,bbdc4,valuation,D.Y,0.0124
8,2015-01-01,bbdc4,valuation,D.Y,0.0736
9,2014-01-01,bbdc4,valuation,D.Y,0.037
10,2013-01-01,bbdc4,valuation,D.Y,0.0298
11,2012-01-01,bbdc4,valuation,D.Y,0.0289
12,2011-01-01,bbdc4,valuation,D.Y,0.0348
13,2023-01-01,bbdc4,valuation,P/L,9.46
14,2022-01-01,bbdc4,valuation,P/L,7.61
15,2021-01-01,bbdc4,valuation,P/L,7.99
16,2020-01-01,bbdc4,valuation,P/L,18.01
17,2019-01-01,bbdc4,valuation,P/L,13.87
18,2018-01-01,bbdc4,valuation,P/L,15.66
19,2017-01-01,bbdc4,valuation,P/L,12.1
20,2016-01-01,bbdc4,valuation,P/L,9.0
21,2015-01-01,bbdc4,valuation,P/L,5.37
22,2014-01-01,bbdc4,valuation,P/L,9.63
23,2013-01-01,bbdc4,valuation,P/L,9.87
24,2012-01-01,bbdc4,valuation,P/L,11.91
25,2011-01-01,bbdc4,valuation,P/L,10.73
26,2023-01-01,bbdc4,valuation,PEG RATIO,-0.28
27,2022-01-01,bbdc4,valuation,PEG RATIO,-0.82
28,2021-01-01,bbdc4,valuation,PEG RATIO,
29,2020-01-01,bbdc4,valuation,PEG RATIO,
30,2019-01-01,bbdc4,valuation,PEG RATIO,
31,2018-01-01,bbdc4,valuation,PEG RATIO,-5.3
32,2017-01-01,bbdc4,valuation,PEG RATIO,-2.69
33,2016-01-01,bbdc4,valuation,PEG RATIO,-6.84
34,2015-01-01,bbdc4,valuation,PEG RATIO,0.29
35,2014-01-01,bbdc4,valuation,PEG RATIO,0.41
36,2013-01-01,bbdc4,valuation,PEG RATIO,1.01
37,2012-01-01,bbdc4,valuation,PEG RATIO,3.91
38,2011-01-01,bbdc4,valuation,PEG RATIO,
39,2023-01-01,bbdc4,valuation,P/VP,0.93
40,2022-01-01,bbdc4,valuation,P/VP,1.01
41,2021-01-01,bbdc4,valuation,P/VP,1.25
42,2020-01-01,bbdc4,valuation,P/VP,1.68
43,2019-01-01,bbdc4,valuation,P/VP,2.18
44,2018-01-01,bbdc4,valuation,P/VP,2.14
45,2017-01-01,bbdc4,valuation,P/VP,1.87
46,2016-01-01,bbdc4,valuation,P/VP,1.6
47,2015-01-01,bbdc4,valuation,P/VP,1.09
48,2014-01-01,bbdc4,valuation,P/VP,1.81
49,2013-01-01,bbdc4,valuation,P/VP,1.73
50,2012-01-01,bbdc4,valuation,P/VP,1.92
51,2011-01-01,bbdc4,valuation,P/VP,2.12
52,2023-01-01,bbdc4,valuation,EV/EBITDA,
53,2022-01-01,bbdc4,valuation,EV/EBITDA,
54,2021-01-01,bbdc4,valuation,EV/EBITDA,
55,2020-01-01,bbdc4,valuation,EV/EBITDA,
56,2019-01-01,bbdc4,valuation,EV/EBITDA,15.66
57,2018-01-01,bbdc4,valuation,EV/EBITDA,
58,2017-01-01,bbdc4,valuation,EV/EBITDA,
59,2016-01-01,bbdc4,valuation,EV/EBITDA,
60,2015-01-01,bbdc4,valuation,EV/EBITDA,
61,2014-01-01,bbdc4,valuation,EV/EBITDA,
62,2013-01-01,bbdc4,valuation,EV/EBITDA,
63,2012-01-01,bbdc4,valuation,EV/EBITDA,
64,2011-01-01,bbdc4,valuation,EV/EBITDA,
65,2023-01-01,bbdc4,valuation,EV/EBIT,10.59
66,2022-01-01,bbdc4,valuation,EV/EBIT,6.3
67,2021-01-01,bbdc4,valuation,EV/EBIT,5.24
68,2020-01-01,bbdc4,valuation,EV/EBIT,55.87
69,2019-01-01,bbdc4,valuation,EV/EBIT,21.16
70,2018-01-01,bbdc4,valuation,EV/EBIT,12.53
71,2017-01-01,bbdc4,valuation,EV/EBIT,8.48
72,2016-01-01,bbdc4,valuation,EV/EBIT,5.06
73,2015-01-01,bbdc4,valuation,EV/EBIT,10.46
74,2014-01-01,bbdc4,valuation,EV/EBIT,7.55
75,2013-01-01,bbdc4,valuation,EV/EBIT,8.97
76,2012-01-01,bbdc4,valuation,EV/EBIT,8.56
77,2011-01-01,bbdc4,valuation,EV/EBIT,7.33
78,2023-01-01,bbdc4,valuation,P/EBITDA,
79,2022-01-01,bbdc4,valuation,P/EBITDA,
80,2021-01-01,bbdc4,valuation,P/EBITDA,
81,2020-01-01,bbdc4,valuation,P/EBITDA,
82,2019-01-01,bbdc4,valuation,P/EBITDA,16.13
83,2018-01-01,bbdc4,valuation,P/EBITDA,
84,2017-01-01,bbdc4,valuation,P/EBITDA,
85,2016-01-01,bbdc4,valuation,P/EBITDA,
86,2015-01-01,bbdc4,valuation,P/EBITDA,
87,2014-01-01,bbdc4,valuation,P/EBITDA,
88,2013-01-01,bbdc4,valuation,P/EBITDA,
89,2012-01-01,bbdc4,valuation,P/EBITDA,
90,2011-01-01,bbdc4,valuation,P/EBITDA,
91,2023-01-01,bbdc4,valuation,P/EBIT,11.25
92,2022-01-01,bbdc4,valuation,P/EBIT,6.67
93,2021-01-01,bbdc4,valuation,P/EBIT,5.68
94,2020-01-01,bbdc4,valuation,P/EBIT,59.07
95,2019-01-01,bbdc4,valuation,P/EBIT,21.8
96,2018-01-01,bbdc4,valuation,P/EBIT,13.36
97,2017-01-01,bbdc4,valuation,P/EBIT,8.71
98,2016-01-01,bbdc4,valuation,P/EBIT,5.05
99,2015-01-01,bbdc4,valuation,P/EBIT,10.14
100,2014-01-01,bbdc4,valuation,P/EBIT,7.63
101,2013-01-01,bbdc4,valuation,P/EBIT,8.55
102,2012-01-01,bbdc4,valuation,P/EBIT,8.71
103,2011-01-01,bbdc4,valuation,P/EBIT,8.05
104,2023-01-01,bbdc4,valuation,VPA,15.64
105,2022-01-01,bbdc4,valuation,VPA,14.97
106,2021-01-01,bbdc4,valuation,VPA,15.41
107,2020-01-01,bbdc4,valuation,VPA,16.2
108,2019-01-01,bbdc4,valuation,VPA,16.58
109,2018-01-01,bbdc4,valuation,VPA,18.02
110,2017-01-01,bbdc4,valuation,VPA,18.08
111,2016-01-01,bbdc4,valuation,VPA,18.09
112,2015-01-01,bbdc4,valuation,VPA,17.61
113,2014-01-01,bbdc4,valuation,VPA,19.37
114,2013-01-01,bbdc4,valuation,VPA,16.86
115,2012-01-01,bbdc4,valuation,VPA,18.31
116,2011-01-01,bbdc4,valuation,VPA,14.53
117,2023-01-01,bbdc4,valuation,P/ATIVO,0.08
118,2022-01-01,bbdc4,valuation,P/ATIVO,0.09
119,2021-01-01,bbdc4,valuation,P/ATIVO,0.11
120,2020-01-01,bbdc4,valuation,P/ATIVO,0.18
121,2019-01-01,bbdc4,valuation,P/ATIVO,0.25
122,2018-01-01,bbdc4,valuation,P/ATIVO,0.23
123,2017-01-01,bbdc4,valuation,P/ATIVO,0.2
124,2016-01-01,bbdc4,valuation,P/ATIVO,0.15
125,2015-01-01,bbdc4,valuation,P/ATIVO,0.1
126,2014-01-01,bbdc4,valuation,P/ATIVO,0.15
127,2013-01-01,bbdc4,valuation,P/ATIVO,0.14
128,2012-01-01,bbdc4,valuation,P/ATIVO,0.16
129,2011-01-01,bbdc4,valuation,P/ATIVO,0.16
130,2023-01-01,bbdc4,valuation,LPA,1.53
131,2022-01-01,bbdc4,valuation,LPA,1.99
132,2021-01-01,bbdc4,valuation,LPA,2.41
133,2020-01-01,bbdc4,valuation,LPA,1.81
134,2019-01-01,bbdc4,valuation,LPA,2.61
135,2018-01-01,bbdc4,valuation,LPA,2.47
136,2017-01-01,bbdc4,valuation,LPA,2.8
137,2016-01-01,bbdc4,valuation,LPA,3.22
138,2015-01-01,bbdc4,valuation,LPA,3.59
139,2014-01-01,bbdc4,valuation,LPA,3.64
140,2013-01-01,bbdc4,valuation,LPA,2.95
141,2012-01-01,bbdc4,valuation,LPA,2.95
142,2011-01-01,bbdc4,valuation,LPA,2.87
143,2023-01-01,bbdc4,valuation,P/SR,0.7
144,2022-01-01,bbdc4,valuation,P/SR,0.78
145,2021-01-01,bbdc4,valuation,P/SR,1.49
146,2020-01-01,bbdc4,valuation,P/SR,2.45
147,2019-01-01,bbdc4,valuation,P/SR,2.35
148,2018-01-01,bbdc4,valuation,P/SR,2.31
149,2017-01-01,bbdc4,valuation,P/SR,1.5
150,2016-01-01,bbdc4,valuation,P/SR,0.99
151,2015-01-01,bbdc4,valuation,P/SR,0.85
152,2014-01-01,bbdc4,valuation,P/SR,1.48
153,2013-01-01,bbdc4,valuation,P/SR,1.58
154,2012-01-01,bbdc4,valuation,P/SR,1.57
155,2011-01-01,bbdc4,valuation,P/SR,1.39
156,2023-01-01,bbdc4,valuation,P/CAP. GIRO,1.04
157,2022-01-01,bbdc4,valuation,P/CAP. GIRO,1.43
158,2021-01-01,bbdc4,valuation,P/CAP. GIRO,3.27
159,2020-01-01,bbdc4,valuation,P/CAP. GIRO,1.39
160,2019-01-01,bbdc4,valuation,P/CAP. GIRO,-3.13
161,2018-01-01,bbdc4,valuation,P/CAP. GIRO,-3.3
162,2017-01-01,bbdc4,valuation,P/CAP. GIRO,-1.47
163,2016-01-01,bbdc4,valuation,P/CAP. GIRO,-0.83
164,2015-01-01,bbdc4,valuation,P/CAP. GIRO,-0.72
165,2014-01-01,bbdc4,valuation,P/CAP. GIRO,-2.42
166,2013-01-01,bbdc4,valuation,P/CAP. GIRO,-1.91
167,2012-01-01,bbdc4,valuation,P/CAP. GIRO,-2.09
168,2011-01-01,bbdc4,valuation,P/CAP. GIRO,-2.02
169,2023-01-01,bbdc4,valuation,P/ATIVO CIRC. LIQ.,-0.09
170,2022-01-01,bbdc4,valuation,P/ATIVO CIRC. LIQ.,-0.1
171,2021-01-01,bbdc4,valuation,P/ATIVO CIRC. LIQ.,-0.12
172,2020-01-01,bbdc4,valuation,P/ATIVO CIRC. LIQ.,-0.2
173,2019-01-01,bbdc4,valuation,P/ATIVO CIRC. LIQ.,-0.51
174,2018-01-01,bbdc4,valuation,P/ATIVO CIRC. LIQ.,-0.5
175,2017-01-01,bbdc4,valuation,P/ATIVO CIRC. LIQ.,-0.4
176,2016-01-01,bbdc4,valuation,P/ATIVO CIRC. LIQ.,-0.29
177,2015-01-01,bbdc4,valuation,P/ATIVO CIRC. LIQ.,-0.21
178,2014-01-01,bbdc4,valuation,P/ATIVO CIRC. LIQ.,-0.39
179,2013-01-01,bbdc4,valuation,P/ATIVO CIRC. LIQ.,-0.34
180,2012-01-01,bbdc4,valuation,P/ATIVO CIRC. LIQ.,-0.42
181,2011-01-01,bbdc4,valuation,P/ATIVO CIRC. LIQ.,-0.47
182,2023-01-01,bbdc4,eficiencia,M. BRUTA,0.3188
183,2022-01-01,bbdc4,eficiencia,M. BRUTA,0.3622999999999999
184,2021-01-01,bbdc4,eficiencia,M. BRUTA,0.5606
185,2020-01-01,bbdc4,eficiencia,M. BRUTA,0.5065
186,2019-01-01,bbdc4,eficiencia,M. BRUTA,0.5284
187,2018-01-01,bbdc4,eficiencia,M. BRUTA,0.5091
188,2017-01-01,bbdc4,eficiencia,M. BRUTA,0.4514
189,2016-01-01,bbdc4,eficiencia,M. BRUTA,0.4412
190,2015-01-01,bbdc4,eficiencia,M. BRUTA,0.3768999999999999
191,2014-01-01,bbdc4,eficiencia,M. BRUTA,0.46
192,2013-01-01,bbdc4,eficiencia,M. BRUTA,0.4674
193,2012-01-01,bbdc4,eficiencia,M. BRUTA,0.5387
194,2011-01-01,bbdc4,eficiencia,M. BRUTA,0.4468
195,2010-01-01,bbdc4,eficiencia,M. BRUTA,0.5253
196,2009-01-01,bbdc4,eficiencia,M. BRUTA,0.5336
197,2023-01-01,bbdc4,eficiencia,M. EBITDA,
198,2022-01-01,bbdc4,eficiencia,M. EBITDA,
199,2021-01-01,bbdc4,eficiencia,M. EBITDA,
200,2020-01-01,bbdc4,eficiencia,M. EBITDA,0.1455
201,2019-01-01,bbdc4,eficiencia,M. EBITDA,
202,2018-01-01,bbdc4,eficiencia,M. EBITDA,
203,2017-01-01,bbdc4,eficiencia,M. EBITDA,
204,2016-01-01,bbdc4,eficiencia,M. EBITDA,
205,2015-01-01,bbdc4,eficiencia,M. EBITDA,
206,2014-01-01,bbdc4,eficiencia,M. EBITDA,
207,2013-01-01,bbdc4,eficiencia,M. EBITDA,
208,2012-01-01,bbdc4,eficiencia,M. EBITDA,
209,2011-01-01,bbdc4,eficiencia,M. EBITDA,
210,2010-01-01,bbdc4,eficiencia,M. EBITDA,
211,2009-01-01,bbdc4,eficiencia,M. EBITDA,
212,2023-01-01,bbdc4,eficiencia,M. EBIT,0.0619
213,2022-01-01,bbdc4,eficiencia,M. EBIT,0.1176
214,2021-01-01,bbdc4,eficiencia,M. EBIT,0.2619
215,2020-01-01,bbdc4,eficiencia,M. EBIT,0.0414
216,2019-01-01,bbdc4,eficiencia,M. EBIT,0.1076
217,2018-01-01,bbdc4,eficiencia,M. EBIT,0.1727
218,2017-01-01,bbdc4,eficiencia,M. EBIT,0.1723
219,2016-01-01,bbdc4,eficiencia,M. EBIT,0.1957999999999999
220,2015-01-01,bbdc4,eficiencia,M. EBIT,0.0838
221,2014-01-01,bbdc4,eficiencia,M. EBIT,0.1938
222,2013-01-01,bbdc4,eficiencia,M. EBIT,0.1843
223,2012-01-01,bbdc4,eficiencia,M. EBIT,0.1797
224,2011-01-01,bbdc4,eficiencia,M. EBIT,0.1728
225,2010-01-01,bbdc4,eficiencia,M. EBIT,0.2296
226,2009-01-01,bbdc4,eficiencia,M. EBIT,0.203
227,2023-01-01,bbdc4,eficiencia,M. LIQUIDA,0.0737
228,2022-01-01,bbdc4,eficiencia,M. LIQUIDA,0.103
229,2021-01-01,bbdc4,eficiencia,M. LIQUIDA,0.1864
230,2020-01-01,bbdc4,eficiencia,M. LIQUIDA,0.1629
231,2019-01-01,bbdc4,eficiencia,M. LIQUIDA,0.1691
232,2018-01-01,bbdc4,eficiencia,M. LIQUIDA,0.1474
233,2017-01-01,bbdc4,eficiencia,M. LIQUIDA,0.124
234,2016-01-01,bbdc4,eficiencia,M. LIQUIDA,0.1098
235,2015-01-01,bbdc4,eficiencia,M. LIQUIDA,0.1582
236,2014-01-01,bbdc4,eficiencia,M. LIQUIDA,0.1536
237,2013-01-01,bbdc4,eficiencia,M. LIQUIDA,0.1595
238,2012-01-01,bbdc4,eficiencia,M. LIQUIDA,0.1314
239,2011-01-01,bbdc4,eficiencia,M. LIQUIDA,0.1296
240,2010-01-01,bbdc4,eficiencia,M. LIQUIDA,0.1489
241,2009-01-01,bbdc4,eficiencia,M. LIQUIDA,0.1338
242,2023-01-01,bbdc4,endividamento,DIV. LIQUIDA/PL,
243,2022-01-01,bbdc4,endividamento,DIV. LIQUIDA/PL,
244,2021-01-01,bbdc4,endividamento,DIV. LIQUIDA/PL,
245,2020-01-01,bbdc4,endividamento,DIV. LIQUIDA/PL,
246,2019-01-01,bbdc4,endividamento,DIV. LIQUIDA/PL,
247,2018-01-01,bbdc4,endividamento,DIV. LIQUIDA/PL,
248,2017-01-01,bbdc4,endividamento,DIV. LIQUIDA/PL,
249,2016-01-01,bbdc4,endividamento,DIV. LIQUIDA/PL,
250,2015-01-01,bbdc4,endividamento,DIV. LIQUIDA/PL,
251,2014-01-01,bbdc4,endividamento,DIV. LIQUIDA/PL,
252,2013-01-01,bbdc4,endividamento,DIV. LIQUIDA/PL,
253,2012-01-01,bbdc4,endividamento,DIV. LIQUIDA/PL,
254,2011-01-01,bbdc4,endividamento,DIV. LIQUIDA/PL,
255,2010-01-01,bbdc4,endividamento,DIV. LIQUIDA/PL,
256,2009-01-01,bbdc4,endividamento,DIV. LIQUIDA/PL,
257,2023-01-01,bbdc4,endividamento,DIV. LIQUIDA/EBITDA,
258,2022-01-01,bbdc4,endividamento,DIV. LIQUIDA/EBITDA,
259,2021-01-01,bbdc4,endividamento,DIV. LIQUIDA/EBITDA,
260,2020-01-01,bbdc4,endividamento,DIV. LIQUIDA/EBITDA,
261,2019-01-01,bbdc4,endividamento,DIV. LIQUIDA/EBITDA,
262,2018-01-01,bbdc4,endividamento,DIV. LIQUIDA/EBITDA,
263,2017-01-01,bbdc4,endividamento,DIV. LIQUIDA/EBITDA,
264,2016-01-01,bbdc4,endividamento,DIV. LIQUIDA/EBITDA,
265,2015-01-01,bbdc4,endividamento,DIV. LIQUIDA/EBITDA,
266,2014-01-01,bbdc4,endividamento,DIV. LIQUIDA/EBITDA,
267,2013-01-01,bbdc4,endividamento,DIV. LIQUIDA/EBITDA,
268,2012-01-01,bbdc4,endividamento,DIV. LIQUIDA/EBITDA,
269,2011-01-01,bbdc4,endividamento,DIV. LIQUIDA/EBITDA,
270,2010-01-01,bbdc4,endividamento,DIV. LIQUIDA/EBITDA,
271,2009-01-01,bbdc4,endividamento,DIV. LIQUIDA/EBITDA,
272,2023-01-01,bbdc4,endividamento,DIV. LIQUIDA/EBIT,
273,2022-01-01,bbdc4,endividamento,DIV. LIQUIDA/EBIT,
274,2021-01-01,bbdc4,endividamento,DIV. LIQUIDA/EBIT,
275,2020-01-01,bbdc4,endividamento,DIV. LIQUIDA/EBIT,
276,2019-01-01,bbdc4,endividamento,DIV. LIQUIDA/EBIT,
277,2018-01-01,bbdc4,endividamento,DIV. LIQUIDA/EBIT,
278,2017-01-01,bbdc4,endividamento,DIV. LIQUIDA/EBIT,
279,2016-01-01,bbdc4,endividamento,DIV. LIQUIDA/EBIT,
280,2015-01-01,bbdc4,endividamento,DIV. LIQUIDA/EBIT,
281,2014-01-01,bbdc4,endividamento,DIV. LIQUIDA/EBIT,
282,2013-01-01,bbdc4,endividamento,DIV. LIQUIDA/EBIT,
283,2012-01-01,bbdc4,endividamento,DIV. LIQUIDA/EBIT,
284,2011-01-01,bbdc4,endividamento,DIV. LIQUIDA/EBIT,
285,2010-01-01,bbdc4,endividamento,DIV. LIQUIDA/EBIT,
286,2009-01-01,bbdc4,endividamento,DIV. LIQUIDA/EBIT,
287,2023-01-01,bbdc4,endividamento,PL/ATIVOS,
288,2022-01-01,bbdc4,endividamento,PL/ATIVOS,
289,2021-01-01,bbdc4,endividamento,PL/ATIVOS,
290,2020-01-01,bbdc4,endividamento,PL/ATIVOS,
291,2019-01-01,bbdc4,endividamento,PL/ATIVOS,
292,2018-01-01,bbdc4,endividamento,PL/ATIVOS,
293,2017-01-01,bbdc4,endividamento,PL/ATIVOS,
294,2016-01-01,bbdc4,endividamento,PL/ATIVOS,
295,2015-01-01,bbdc4,endividamento,PL/ATIVOS,
296,2014-01-01,bbdc4,endividamento,PL/ATIVOS,
297,2013-01-01,bbdc4,endividamento,PL/ATIVOS,
298,2012-01-01,bbdc4,endividamento,PL/ATIVOS,
299,2011-01-01,bbdc4,endividamento,PL/ATIVOS,
300,2010-01-01,bbdc4,endividamento,PL/ATIVOS,
301,2009-01-01,bbdc4,endividamento,PL/ATIVOS,
302,2023-01-01,bbdc4,endividamento,PASSIVOS/ATIVOS,0.09
303,2022-01-01,bbdc4,endividamento,PASSIVOS/ATIVOS,0.09
304,2021-01-01,bbdc4,endividamento,PASSIVOS/ATIVOS,0.11
305,2020-01-01,bbdc4,endividamento,PASSIVOS/ATIVOS,0.11
306,2019-01-01,bbdc4,endividamento,PASSIVOS/ATIVOS,0.1
307,2018-01-01,bbdc4,endividamento,PASSIVOS/ATIVOS,0.1
308,2017-01-01,bbdc4,endividamento,PASSIVOS/ATIVOS,0.1
309,2016-01-01,bbdc4,endividamento,PASSIVOS/ATIVOS,0.09
310,2015-01-01,bbdc4,endividamento,PASSIVOS/ATIVOS,0.09
311,2014-01-01,bbdc4,endividamento,PASSIVOS/ATIVOS,0.09
312,2013-01-01,bbdc4,endividamento,PASSIVOS/ATIVOS,0.09
313,2012-01-01,bbdc4,endividamento,PASSIVOS/ATIVOS,0.09
314,2011-01-01,bbdc4,endividamento,PASSIVOS/ATIVOS,0.08
315,2010-01-01,bbdc4,endividamento,PASSIVOS/ATIVOS,0.08
316,2009-01-01,bbdc4,endividamento,PASSIVOS/ATIVOS,0.09
317,2023-01-01,bbdc4,endividamento,LIQ. CORRENTE,7.16
318,2022-01-01,bbdc4,endividamento,LIQ. CORRENTE,8.86
319,2021-01-01,bbdc4,endividamento,LIQ. CORRENTE,5.0
320,2020-01-01,bbdc4,endividamento,LIQ. CORRENTE,5.75
321,2019-01-01,bbdc4,endividamento,LIQ. CORRENTE,0.16
322,2018-01-01,bbdc4,endividamento,LIQ. CORRENTE,
323,2017-01-01,bbdc4,endividamento,LIQ. CORRENTE,
324,2016-01-01,bbdc4,endividamento,LIQ. CORRENTE,
325,2015-01-01,bbdc4,endividamento,LIQ. CORRENTE,
326,2014-01-01,bbdc4,endividamento,LIQ. CORRENTE,
327,2013-01-01,bbdc4,endividamento,LIQ. CORRENTE,
328,2012-01-01,bbdc4,endividamento,LIQ. CORRENTE,
329,2011-01-01,bbdc4,endividamento,LIQ. CORRENTE,
330,2010-01-01,bbdc4,endividamento,LIQ. CORRENTE,
331,2009-01-01,bbdc4,endividamento,LIQ. CORRENTE,
332,2023-01-01,bbdc4,rentabilidade,ROE,0.0978
333,2022-01-01,bbdc4,rentabilidade,ROE,0.1341
334,2021-01-01,bbdc4,rentabilidade,ROE,0.1561
335,2020-01-01,bbdc4,rentabilidade,ROE,0.1101
336,2019-01-01,bbdc4,rentabilidade,ROE,0.1556
337,2018-01-01,bbdc4,rentabilidade,ROE,0.1334
338,2017-01-01,bbdc4,rentabilidade,ROE,0.1456
339,2016-01-01,bbdc4,rentabilidade,ROE,0.1699
340,2015-01-01,bbdc4,rentabilidade,ROE,0.1997
341,2014-01-01,bbdc4,rentabilidade,ROE,0.1864
342,2013-01-01,bbdc4,rentabilidade,ROE,0.1724
343,2012-01-01,bbdc4,rentabilidade,ROE,0.1586999999999999
344,2011-01-01,bbdc4,rentabilidade,ROE,0.1853
345,2010-01-01,bbdc4,rentabilidade,ROE,0.1946999999999999
346,2009-01-01,bbdc4,rentabilidade,ROE,0.1873999999999999
347,2023-01-01,bbdc4,rentabilidade,ROA,0.0087
348,2022-01-01,bbdc4,rentabilidade,ROA,0.0118
349,2021-01-01,bbdc4,rentabilidade,ROA,0.0165
350,2020-01-01,bbdc4,rentabilidade,ROA,0.0116999999999999
351,2019-01-01,bbdc4,rentabilidade,ROA,0.0153
352,2018-01-01,bbdc4,rentabilidade,ROA,0.0127
353,2017-01-01,bbdc4,rentabilidade,ROA,0.0139999999999999
354,2016-01-01,bbdc4,rentabilidade,ROA,0.015
355,2015-01-01,bbdc4,rentabilidade,ROA,0.0177
356,2014-01-01,bbdc4,rentabilidade,ROA,0.0165
357,2013-01-01,bbdc4,rentabilidade,ROA,0.0148
358,2012-01-01,bbdc4,rentabilidade,ROA,0.0141
359,2011-01-01,bbdc4,rentabilidade,ROA,0.0152
360,2010-01-01,bbdc4,rentabilidade,ROA,0.0165
361,2009-01-01,bbdc4,rentabilidade,ROA,0.0169
362,2023-01-01,bbdc4,rentabilidade,ROIC,
363,2022-01-01,bbdc4,rentabilidade,ROIC,
364,2021-01-01,bbdc4,rentabilidade,ROIC,
365,2020-01-01,bbdc4,rentabilidade,ROIC,
366,2019-01-01,bbdc4,rentabilidade,ROIC,
367,2018-01-01,bbdc4,rentabilidade,ROIC,
368,2017-01-01,bbdc4,rentabilidade,ROIC,
369,2016-01-01,bbdc4,rentabilidade,ROIC,
370,2015-01-01,bbdc4,rentabilidade,ROIC,
371,2014-01-01,bbdc4,rentabilidade,ROIC,
372,2013-01-01,bbdc4,rentabilidade,ROIC,
373,2012-01-01,bbdc4,rentabilidade,ROIC,
374,2011-01-01,bbdc4,rentabilidade,ROIC,
375,2010-01-01,bbdc4,rentabilidade,ROIC,
376,2009-01-01,bbdc4,rentabilidade,ROIC,
377,2023-01-01,bbdc4,rentabilidade,GIRO ATIVOS,0.12
378,2022-01-01,bbdc4,rentabilidade,GIRO ATIVOS,0.11
379,2021-01-01,bbdc4,rentabilidade,GIRO ATIVOS,0.09
380,2020-01-01,bbdc4,rentabilidade,GIRO ATIVOS,0.07
381,2019-01-01,bbdc4,rentabilidade,GIRO ATIVOS,0.09
382,2018-01-01,bbdc4,rentabilidade,GIRO ATIVOS,0.09
383,2017-01-01,bbdc4,rentabilidade,GIRO ATIVOS,0.11
384,2016-01-01,bbdc4,rentabilidade,GIRO ATIVOS,0.14
385,2015-01-01,bbdc4,rentabilidade,GIRO ATIVOS,0.11
386,2014-01-01,bbdc4,rentabilidade,GIRO ATIVOS,0.11
387,2013-01-01,bbdc4,rentabilidade,GIRO ATIVOS,0.09
388,2012-01-01,bbdc4,rentabilidade,GIRO ATIVOS,0.11
389,2011-01-01,bbdc4,rentabilidade,GIRO ATIVOS,0.12
390,2010-01-01,bbdc4,rentabilidade,GIRO ATIVOS,0.11
391,2009-01-01,bbdc4,rentabilidade,GIRO ATIVOS,0.13
392,2023-01-01,bbdc4,crescimento,CAGR RECEITAS 5 ANOS,0.0837
393,2022-01-01,bbdc4,crescimento,CAGR RECEITAS 5 ANOS,0.0837
394,2021-01-01,bbdc4,crescimento,CAGR RECEITAS 5 ANOS,-0.0509
395,2020-01-01,bbdc4,crescimento,CAGR RECEITAS 5 ANOS,-0.03
396,2019-01-01,bbdc4,crescimento,CAGR RECEITAS 5 ANOS,0.0451
397,2018-01-01,bbdc4,crescimento,CAGR RECEITAS 5 ANOS,0.0769
398,2017-01-01,bbdc4,crescimento,CAGR RECEITAS 5 ANOS,0.099
399,2016-01-01,bbdc4,crescimento,CAGR RECEITAS 5 ANOS,0.1402
400,2015-01-01,bbdc4,crescimento,CAGR RECEITAS 5 ANOS,0.1142
401,2014-01-01,bbdc4,crescimento,CAGR RECEITAS 5 ANOS,0.1001
402,2013-01-01,bbdc4,crescimento,CAGR RECEITAS 5 ANOS,
403,2023-01-01,bbdc4,crescimento,CAGR LUCROS 5 ANOS,-0.0096
404,2022-01-01,bbdc4,crescimento,CAGR LUCROS 5 ANOS,0.0441999999999999
405,2021-01-01,bbdc4,crescimento,CAGR LUCROS 5 ANOS,0.0549
406,2020-01-01,bbdc4,crescimento,CAGR LUCROS 5 ANOS,-0.0243
407,2019-01-01,bbdc4,crescimento,CAGR LUCROS 5 ANOS,0.0654
408,2018-01-01,bbdc4,crescimento,CAGR LUCROS 5 ANOS,0.0599
409,2017-01-01,bbdc4,crescimento,CAGR LUCROS 5 ANOS,0.0864
410,2016-01-01,bbdc4,crescimento,CAGR LUCROS 5 ANOS,0.1031
411,2015-01-01,bbdc4,crescimento,CAGR LUCROS 5 ANOS,0.1278
412,2014-01-01,bbdc4,crescimento,CAGR LUCROS 5 ANOS,0.1308
413,2013-01-01,bbdc4,crescimento,CAGR LUCROS 5 ANOS,
0,2023-01-01,bpac11,valuation,D.Y,0.0233999999999999
1,2022-01-01,bpac11,valuation,D.Y,0.0274
2,2021-01-01,bpac11,valuation,D.Y,0.0409999999999999
3,2020-01-01,bpac11,valuation,D.Y,0.0129
4,2019-01-01,bpac11,valuation,D.Y,0.0185
5,2018-01-01,bpac11,valuation,D.Y,0.0286
6,2017-01-01,bpac11,valuation,D.Y,
7,2023-01-01,bpac11,valuation,P/L,14.55
8,2022-01-01,bpac11,valuation,P/L,11.71
9,2021-01-01,bpac11,valuation,P/L,9.26
10,2020-01-01,bpac11,valuation,P/L,25.91
11,2019-01-01,bpac11,valuation,P/L,17.84
12,2018-01-01,bpac11,valuation,P/L,16.46
13,2017-01-01,bpac11,valuation,P/L,8.36
14,2023-01-01,bpac11,valuation,PEG RATIO,0.38
15,2022-01-01,bpac11,valuation,PEG RATIO,-1.19
16,2021-01-01,bpac11,valuation,PEG RATIO,
17,2020-01-01,bpac11,valuation,PEG RATIO,
18,2019-01-01,bpac11,valuation,PEG RATIO,
19,2018-01-01,bpac11,valuation,PEG RATIO,-0.43
20,2017-01-01,bpac11,valuation,PEG RATIO,-0.15
21,2023-01-01,bpac11,valuation,P/VP,2.62
22,2022-01-01,bpac11,valuation,P/VP,2.17
23,2021-01-01,bpac11,valuation,P/VP,2.15
24,2020-01-01,bpac11,valuation,P/VP,3.19
25,2019-01-01,bpac11,valuation,P/VP,3.14
26,2018-01-01,bpac11,valuation,P/VP,1.12
27,2017-01-01,bpac11,valuation,P/VP,0.94
28,2023-01-01,bpac11,valuation,EV/EBITDA,13.13
29,2022-01-01,bpac11,valuation,EV/EBITDA,10.34
30,2021-01-01,bpac11,valuation,EV/EBITDA,9.01
31,2020-01-01,bpac11,valuation,EV/EBITDA,47.45
32,2019-01-01,bpac11,valuation,EV/EBITDA,15.59
33,2018-01-01,bpac11,valuation,EV/EBITDA,54.03
34,2017-01-01,bpac11,valuation,EV/EBITDA,13.87
35,2023-01-01,bpac11,valuation,EV/EBIT,12.23
36,2022-01-01,bpac11,valuation,EV/EBIT,9.48
37,2021-01-01,bpac11,valuation,EV/EBIT,8.77
38,2020-01-01,bpac11,valuation,EV/EBIT,83.41
39,2019-01-01,bpac11,valuation,EV/EBIT,13.76
40,2018-01-01,bpac11,valuation,EV/EBIT,42.8
41,2017-01-01,bpac11,valuation,EV/EBIT,10.96
42,2023-01-01,bpac11,valuation,P/EBITDA,13.13
43,2022-01-01,bpac11,valuation,P/EBITDA,10.34
44,2021-01-01,bpac11,valuation,P/EBITDA,9.01
45,2020-01-01,bpac11,valuation,P/EBITDA,47.45
46,2019-01-01,bpac11,valuation,P/EBITDA,15.59
47,2018-01-01,bpac11,valuation,P/EBITDA,54.03
48,2017-01-01,bpac11,valuation,P/EBITDA,13.87
49,2023-01-01,bpac11,valuation,P/EBIT,12.23
50,2022-01-01,bpac11,valuation,P/EBIT,9.48
51,2021-01-01,bpac11,valuation,P/EBIT,8.77
52,2020-01-01,bpac11,valuation,P/EBIT,83.41
53,2019-01-01,bpac11,valuation,P/EBIT,13.76
54,2018-01-01,bpac11,valuation,P/EBIT,42.8
55,2017-01-01,bpac11,valuation,P/EBIT,10.96
56,2023-01-01,bpac11,valuation,VPA,12.18
57,2022-01-01,bpac11,valuation,VPA,11.05
58,2021-01-01,bpac11,valuation,VPA,9.75
59,2020-01-01,bpac11,valuation,VPA,29.51
60,2019-01-01,bpac11,valuation,VPA,24.25
61,2018-01-01,bpac11,valuation,VPA,21.02
62,2017-01-01,bpac11,valuation,VPA,20.29
63,2023-01-01,bpac11,valuation,P/ATIVO,0.31
64,2022-01-01,bpac11,valuation,P/ATIVO,0.25
65,2021-01-01,bpac11,valuation,P/ATIVO,0.25
66,2020-01-01,bpac11,valuation,P/ATIVO,0.34
67,2019-01-01,bpac11,valuation,P/ATIVO,0.38
68,2018-01-01,bpac11,valuation,P/ATIVO,0.13
69,2017-01-01,bpac11,valuation,P/ATIVO,0.11
70,2023-01-01,bpac11,valuation,LPA,2.19
71,2022-01-01,bpac11,valuation,LPA,2.04
72,2021-01-01,bpac11,valuation,LPA,2.27
73,2020-01-01,bpac11,valuation,LPA,3.63
74,2019-01-01,bpac11,valuation,LPA,4.27
75,2018-01-01,bpac11,valuation,LPA,1.43
76,2017-01-01,bpac11,valuation,LPA,2.27
77,2023-01-01,bpac11,valuation,P/SR,2.83
78,2022-01-01,bpac11,valuation,P/SR,1.85
79,2021-01-01,bpac11,valuation,P/SR,4.8
80,2020-01-01,bpac11,valuation,P/SR,6.44
81,2019-01-01,bpac11,valuation,P/SR,6.01
82,2018-01-01,bpac11,valuation,P/SR,2.82
83,2017-01-01,bpac11,valuation,P/SR,2.31
84,2023-01-01,bpac11,valuation,P/CAP. GIRO,10.07
85,2022-01-01,bpac11,valuation,P/CAP. GIRO,8.84
86,2021-01-01,bpac11,valuation,P/CAP. GIRO,5.6
87,2020-01-01,bpac11,valuation,P/CAP. GIRO,9.01
88,2019-01-01,bpac11,valuation,P/CAP. GIRO,3.58
89,2018-01-01,bpac11,valuation,P/CAP. GIRO,2.7
90,2017-01-01,bpac11,valuation,P/CAP. GIRO,0.96
91,2023-01-01,bpac11,valuation,P/ATIVO CIRC. LIQ.,-3.54
92,2022-01-01,bpac11,valuation,P/ATIVO CIRC. LIQ.,-2.87
93,2021-01-01,bpac11,valuation,P/ATIVO CIRC. LIQ.,-3.45
94,2020-01-01,bpac11,valuation,P/ATIVO CIRC. LIQ.,-1.15
95,2019-01-01,bpac11,valuation,P/ATIVO CIRC. LIQ.,-1.53
96,2018-01-01,bpac11,valuation,P/ATIVO CIRC. LIQ.,-0.39
97,2017-01-01,bpac11,valuation,P/ATIVO CIRC. LIQ.,-0.32
98,2023-01-01,bpac11,eficiencia,M. BRUTA,0.2101
99,2022-01-01,bpac11,eficiencia,M. BRUTA,0.1734
100,2021-01-01,bpac11,eficiencia,M. BRUTA,0.3371
101,2020-01-01,bpac11,eficiencia,M. BRUTA,-0.0736
102,2019-01-01,bpac11,eficiencia,M. BRUTA,0.3118
103,2018-01-01,bpac11,eficiencia,M. BRUTA,-0.1115
104,2017-01-01,bpac11,eficiencia,M. BRUTA,0.2191
105,2016-01-01,bpac11,eficiencia,M. BRUTA,0.5637
106,2015-01-01,bpac11,eficiencia,M. BRUTA,-0.3087
107,2014-01-01,bpac11,eficiencia,M. BRUTA,0.1497
108,2013-01-01,bpac11,eficiencia,M. BRUTA,0.2948
109,2012-01-01,bpac11,eficiencia,M. BRUTA,0.3908
110,2011-01-01,bpac11,eficiencia,M. BRUTA,0.2414
111,2010-01-01,bpac11,eficiencia,M. BRUTA,0.3639
112,2009-01-01,bpac11,eficiencia,M. BRUTA,0.2532
113,2023-01-01,bpac11,eficiencia,M. EBITDA,0.2155999999999999
114,2022-01-01,bpac11,eficiencia,M. EBITDA,0.1789
115,2021-01-01,bpac11,eficiencia,M. EBITDA,0.5323
116,2020-01-01,bpac11,eficiencia,M. EBITDA,0.1357
117,2019-01-01,bpac11,eficiencia,M. EBITDA,0.3856
118,2018-01-01,bpac11,eficiencia,M. EBITDA,0.0521999999999999
119,2017-01-01,bpac11,eficiencia,M. EBITDA,0.1666
120,2016-01-01,bpac11,eficiencia,M. EBITDA,0.3754999999999999
121,2015-01-01,bpac11,eficiencia,M. EBITDA,-0.1833
122,2014-01-01,bpac11,eficiencia,M. EBITDA,0.1266
123,2013-01-01,bpac11,eficiencia,M. EBITDA,0.3428
124,2012-01-01,bpac11,eficiencia,M. EBITDA,
125,2011-01-01,bpac11,eficiencia,M. EBITDA,
126,2010-01-01,bpac11,eficiencia,M. EBITDA,
127,2009-01-01,bpac11,eficiencia,M. EBITDA,
128,2023-01-01,bpac11,eficiencia,M. EBIT,0.2314999999999999
129,2022-01-01,bpac11,eficiencia,M. EBIT,0.1951999999999999
130,2021-01-01,bpac11,eficiencia,M. EBIT,0.5468
131,2020-01-01,bpac11,eficiencia,M. EBIT,0.0771999999999999
132,2019-01-01,bpac11,eficiencia,M. EBIT,0.4367
133,2018-01-01,bpac11,eficiencia,M. EBIT,0.0659
134,2017-01-01,bpac11,eficiencia,M. EBIT,0.2107
135,2016-01-01,bpac11,eficiencia,M. EBIT,0.5363
136,2015-01-01,bpac11,eficiencia,M. EBIT,-0.2884
137,2014-01-01,bpac11,eficiencia,M. EBIT,0.1536
138,2013-01-01,bpac11,eficiencia,M. EBIT,0.3411
139,2012-01-01,bpac11,eficiencia,M. EBIT,0.367
140,2011-01-01,bpac11,eficiencia,M. EBIT,0.2125
141,2010-01-01,bpac11,eficiencia,M. EBIT,0.3812
142,2009-01-01,bpac11,eficiencia,M. EBIT,0.5737
143,2023-01-01,bpac11,eficiencia,M. LIQUIDA,0.1946
144,2022-01-01,bpac11,eficiencia,M. LIQUIDA,0.158
145,2021-01-01,bpac11,eficiencia,M. LIQUIDA,0.5182
146,2020-01-01,bpac11,eficiencia,M. LIQUIDA,0.2486
147,2019-01-01,bpac11,eficiencia,M. LIQUIDA,0.3369
148,2018-01-01,bpac11,eficiencia,M. LIQUIDA,0.1714
149,2017-01-01,bpac11,eficiencia,M. LIQUIDA,0.2762
150,2016-01-01,bpac11,eficiencia,M. LIQUIDA,0.3642
151,2015-01-01,bpac11,eficiencia,M. LIQUIDA,0.0630999999999999
152,2014-01-01,bpac11,eficiencia,M. LIQUIDA,0.1821
153,2013-01-01,bpac11,eficiencia,M. LIQUIDA,0.2807
154,2012-01-01,bpac11,eficiencia,M. LIQUIDA,0.2644
155,2011-01-01,bpac11,eficiencia,M. LIQUIDA,0.2532999999999999
156,2010-01-01,bpac11,eficiencia,M. LIQUIDA,0.2601
157,2009-01-01,bpac11,eficiencia,M. LIQUIDA,0.3161
158,2023-01-01,bpac11,endividamento,DIV. LIQUIDA/PL,
159,2022-01-01,bpac11,endividamento,DIV. LIQUIDA/PL,
160,2021-01-01,bpac11,endividamento,DIV. LIQUIDA/PL,
161,2020-01-01,bpac11,endividamento,DIV. LIQUIDA/PL,
162,2019-01-01,bpac11,endividamento,DIV. LIQUIDA/PL,
163,2018-01-01,bpac11,endividamento,DIV. LIQUIDA/PL,
164,2017-01-01,bpac11,endividamento,DIV. LIQUIDA/PL,
165,2016-01-01,bpac11,endividamento,DIV. LIQUIDA/PL,
166,2015-01-01,bpac11,endividamento,DIV. LIQUIDA/PL,
167,2014-01-01,bpac11,endividamento,DIV. LIQUIDA/PL,
168,2013-01-01,bpac11,endividamento,DIV. LIQUIDA/PL,
169,2012-01-01,bpac11,endividamento,DIV. LIQUIDA/PL,
170,2011-01-01,bpac11,endividamento,DIV. LIQUIDA/PL,
171,2010-01-01,bpac11,endividamento,DIV. LIQUIDA/PL,
172,2009-01-01,bpac11,endividamento,DIV. LIQUIDA/PL,
173,2023-01-01,bpac11,endividamento,DIV. LIQUIDA/EBITDA,
174,2022-01-01,bpac11,endividamento,DIV. LIQUIDA/EBITDA,
175,2021-01-01,bpac11,endividamento,DIV. LIQUIDA/EBITDA,
176,2020-01-01,bpac11,endividamento,DIV. LIQUIDA/EBITDA,
177,2019-01-01,bpac11,endividamento,DIV. LIQUIDA/EBITDA,
178,2018-01-01,bpac11,endividamento,DIV. LIQUIDA/EBITDA,
179,2017-01-01,bpac11,endividamento,DIV. LIQUIDA/EBITDA,
180,2016-01-01,bpac11,endividamento,DIV. LIQUIDA/EBITDA,
181,2015-01-01,bpac11,endividamento,DIV. LIQUIDA/EBITDA,
182,2014-01-01,bpac11,endividamento,DIV. LIQUIDA/EBITDA,
183,2013-01-01,bpac11,endividamento,DIV. LIQUIDA/EBITDA,
184,2012-01-01,bpac11,endividamento,DIV. LIQUIDA/EBITDA,
185,2011-01-01,bpac11,endividamento,DIV. LIQUIDA/EBITDA,
186,2010-01-01,bpac11,endividamento,DIV. LIQUIDA/EBITDA,
187,2009-01-01,bpac11,endividamento,DIV. LIQUIDA/EBITDA,
188,2023-01-01,bpac11,endividamento,DIV. LIQUIDA/EBIT,
189,2022-01-01,bpac11,endividamento,DIV. LIQUIDA/EBIT,
190,2021-01-01,bpac11,endividamento,DIV. LIQUIDA/EBIT,
191,2020-01-01,bpac11,endividamento,DIV. LIQUIDA/EBIT,
192,2019-01-01,bpac11,endividamento,DIV. LIQUIDA/EBIT,
193,2018-01-01,bpac11,endividamento,DIV. LIQUIDA/EBIT,
194,2017-01-01,bpac11,endividamento,DIV. LIQUIDA/EBIT,
195,2016-01-01,bpac11,endividamento,DIV. LIQUIDA/EBIT,
196,2015-01-01,bpac11,endividamento,DIV. LIQUIDA/EBIT,
197,2014-01-01,bpac11,endividamento,DIV. LIQUIDA/EBIT,
198,2013-01-01,bpac11,endividamento,DIV. LIQUIDA/EBIT,
199,2012-01-01,bpac11,endividamento,DIV. LIQUIDA/EBIT,
200,2011-01-01,bpac11,endividamento,DIV. LIQUIDA/EBIT,
201,2010-01-01,bpac11,endividamento,DIV. LIQUIDA/EBIT,
202,2009-01-01,bpac11,endividamento,DIV. LIQUIDA/EBIT,
203,2023-01-01,bpac11,endividamento,PL/ATIVOS,0.12
204,2022-01-01,bpac11,endividamento,PL/ATIVOS,0.11
205,2021-01-01,bpac11,endividamento,PL/ATIVOS,0.12
206,2020-01-01,bpac11,endividamento,PL/ATIVOS,0.11
207,2019-01-01,bpac11,endividamento,PL/ATIVOS,0.12
208,2018-01-01,bpac11,endividamento,PL/ATIVOS,0.14
209,2017-01-01,bpac11,endividamento,PL/ATIVOS,0.16
210,2016-01-01,bpac11,endividamento,PL/ATIVOS,0.16
211,2015-01-01,bpac11,endividamento,PL/ATIVOS,0.08
212,2014-01-01,bpac11,endividamento,PL/ATIVOS,0.09
213,2013-01-01,bpac11,endividamento,PL/ATIVOS,0.1
214,2012-01-01,bpac11,endividamento,PL/ATIVOS,0.08
215,2011-01-01,bpac11,endividamento,PL/ATIVOS,0.08
216,2010-01-01,bpac11,endividamento,PL/ATIVOS,0.08
217,2009-01-01,bpac11,endividamento,PL/ATIVOS,0.15
218,2023-01-01,bpac11,endividamento,PASSIVOS/ATIVOS,0.88
219,2022-01-01,bpac11,endividamento,PASSIVOS/ATIVOS,0.89
220,2021-01-01,bpac11,endividamento,PASSIVOS/ATIVOS,0.88
221,2020-01-01,bpac11,endividamento,PASSIVOS/ATIVOS,0.89
222,2019-01-01,bpac11,endividamento,PASSIVOS/ATIVOS,0.88
223,2018-01-01,bpac11,endividamento,PASSIVOS/ATIVOS,0.86
224,2017-01-01,bpac11,endividamento,PASSIVOS/ATIVOS,0.84
225,2016-01-01,bpac11,endividamento,PASSIVOS/ATIVOS,0.84
226,2015-01-01,bpac11,endividamento,PASSIVOS/ATIVOS,0.92
227,2014-01-01,bpac11,endividamento,PASSIVOS/ATIVOS,0.9
228,2013-01-01,bpac11,endividamento,PASSIVOS/ATIVOS,0.89
229,2012-01-01,bpac11,endividamento,PASSIVOS/ATIVOS,0.92
230,2011-01-01,bpac11,endividamento,PASSIVOS/ATIVOS,0.92
231,2010-01-01,bpac11,endividamento,PASSIVOS/ATIVOS,0.92
232,2009-01-01,bpac11,endividamento,PASSIVOS/ATIVOS,0.85
233,2023-01-01,bpac11,endividamento,LIQ. CORRENTE,1.04
234,2022-01-01,bpac11,endividamento,LIQ. CORRENTE,1.03
235,2021-01-01,bpac11,endividamento,LIQ. CORRENTE,1.1
236,2020-01-01,bpac11,endividamento,LIQ. CORRENTE,0.92
237,2019-01-01,bpac11,endividamento,LIQ. CORRENTE,1.16
238,2018-01-01,bpac11,endividamento,LIQ. CORRENTE,
239,2017-01-01,bpac11,endividamento,LIQ. CORRENTE,
240,2016-01-01,bpac11,endividamento,LIQ. CORRENTE,
241,2015-01-01,bpac11,endividamento,LIQ. CORRENTE,
242,2014-01-01,bpac11,endividamento,LIQ. CORRENTE,
243,2013-01-01,bpac11,endividamento,LIQ. CORRENTE,
244,2012-01-01,bpac11,endividamento,LIQ. CORRENTE,
245,2011-01-01,bpac11,endividamento,LIQ. CORRENTE,
246,2010-01-01,bpac11,endividamento,LIQ. CORRENTE,1.08
247,2009-01-01,bpac11,endividamento,LIQ. CORRENTE,1.33
248,2023-01-01,bpac11,rentabilidade,ROE,0.18
249,2022-01-01,bpac11,rentabilidade,ROE,0.1851
250,2021-01-01,bpac11,rentabilidade,ROE,0.2327
251,2020-01-01,bpac11,rentabilidade,ROE,0.1229
252,2019-01-01,bpac11,rentabilidade,ROE,0.1759
253,2018-01-01,bpac11,rentabilidade,ROE,0.0675
254,2017-01-01,bpac11,rentabilidade,ROE,0.1101999999999999
255,2016-01-01,bpac11,rentabilidade,ROE,0.2656
256,2015-01-01,bpac11,rentabilidade,ROE,0.0368
257,2014-01-01,bpac11,rentabilidade,ROE,0.1421
258,2013-01-01,bpac11,rentabilidade,ROE,0.1985
259,2012-01-01,bpac11,rentabilidade,ROE,0.206
260,2011-01-01,bpac11,rentabilidade,ROE,0.2107
261,2010-01-01,bpac11,rentabilidade,ROE,0.1456
262,2009-01-01,bpac11,rentabilidade,ROE,0.1939999999999999
263,2023-01-01,bpac11,rentabilidade,ROA,0.0216
264,2022-01-01,bpac11,rentabilidade,ROA,0.0212
265,2021-01-01,bpac11,rentabilidade,ROA,0.0273
266,2020-01-01,bpac11,rentabilidade,ROA,0.013
267,2019-01-01,bpac11,rentabilidade,ROA,0.0213
268,2018-01-01,bpac11,rentabilidade,ROA,0.0097
269,2017-01-01,bpac11,rentabilidade,ROA,0.0176
270,2016-01-01,bpac11,rentabilidade,ROA,0.0425
271,2015-01-01,bpac11,rentabilidade,ROA,0.003
272,2014-01-01,bpac11,rentabilidade,ROA,0.0134
273,2013-01-01,bpac11,rentabilidade,ROA,0.0204999999999999
274,2012-01-01,bpac11,rentabilidade,ROA,0.0171
275,2011-01-01,bpac11,rentabilidade,ROA,0.0162
276,2010-01-01,bpac11,rentabilidade,ROA,0.0112
277,2009-01-01,bpac11,rentabilidade,ROA,0.0288
278,2023-01-01,bpac11,rentabilidade,ROIC,
279,2022-01-01,bpac11,rentabilidade,ROIC,
280,2021-01-01,bpac11,rentabilidade,ROIC,
281,2020-01-01,bpac11,rentabilidade,ROIC,
282,2019-01-01,bpac11,rentabilidade,ROIC,
283,2018-01-01,bpac11,rentabilidade,ROIC,
284,2017-01-01,bpac11,rentabilidade,ROIC,
285,2016-01-01,bpac11,rentabilidade,ROIC,
286,2015-01-01,bpac11,rentabilidade,ROIC,
287,2014-01-01,bpac11,rentabilidade,ROIC,
288,2013-01-01,bpac11,rentabilidade,ROIC,
289,2012-01-01,bpac11,rentabilidade,ROIC,
290,2011-01-01,bpac11,rentabilidade,ROIC,
291,2010-01-01,bpac11,rentabilidade,ROIC,
292,2009-01-01,bpac11,rentabilidade,ROIC,
293,2023-01-01,bpac11,rentabilidade,GIRO ATIVOS,0.11
294,2022-01-01,bpac11,rentabilidade,GIRO ATIVOS,0.13
295,2021-01-01,bpac11,rentabilidade,GIRO ATIVOS,0.05
296,2020-01-01,bpac11,rentabilidade,GIRO ATIVOS,0.05
297,2019-01-01,bpac11,rentabilidade,GIRO ATIVOS,0.06
298,2018-01-01,bpac11,rentabilidade,GIRO ATIVOS,0.06
299,2017-01-01,bpac11,rentabilidade,GIRO ATIVOS,0.06
300,2016-01-01,bpac11,rentabilidade,GIRO ATIVOS,0.12
301,2015-01-01,bpac11,rentabilidade,GIRO ATIVOS,0.05
302,2014-01-01,bpac11,rentabilidade,GIRO ATIVOS,0.07
303,2013-01-01,bpac11,rentabilidade,GIRO ATIVOS,0.07
304,2012-01-01,bpac11,rentabilidade,GIRO ATIVOS,0.06
305,2011-01-01,bpac11,rentabilidade,GIRO ATIVOS,0.06
306,2010-01-01,bpac11,rentabilidade,GIRO ATIVOS,0.04
307,2009-01-01,bpac11,rentabilidade,GIRO ATIVOS,0.09
308,2023-01-01,bpac11,crescimento,CAGR RECEITAS 5 ANOS,0.46
309,2022-01-01,bpac11,crescimento,CAGR RECEITAS 5 ANOS,0.46
310,2021-01-01,bpac11,crescimento,CAGR RECEITAS 5 ANOS,0.0525
311,2020-01-01,bpac11,crescimento,CAGR RECEITAS 5 ANOS,0.0249
312,2019-01-01,bpac11,crescimento,CAGR RECEITAS 5 ANOS,-0.0086
313,2018-01-01,bpac11,crescimento,CAGR RECEITAS 5 ANOS,-0.0331
314,2017-01-01,bpac11,crescimento,CAGR RECEITAS 5 ANOS,-0.015
315,2016-01-01,bpac11,crescimento,CAGR RECEITAS 5 ANOS,0.198
316,2015-01-01,bpac11,crescimento,CAGR RECEITAS 5 ANOS,0.3006
317,2014-01-01,bpac11,crescimento,CAGR RECEITAS 5 ANOS,0.4233
318,2023-01-01,bpac11,crescimento,CAGR LUCROS 5 ANOS,0.324
319,2022-01-01,bpac11,crescimento,CAGR LUCROS 5 ANOS,0.3057
320,2021-01-01,bpac11,crescimento,CAGR LUCROS 5 ANOS,0.1294
321,2020-01-01,bpac11,crescimento,CAGR LUCROS 5 ANOS,0.3481
322,2019-01-01,bpac11,crescimento,CAGR LUCROS 5 ANOS,0.1213
323,2018-01-01,bpac11,crescimento,CAGR LUCROS 5 ANOS,-0.1239
324,2017-01-01,bpac11,crescimento,CAGR LUCROS 5 ANOS,-0.0063
325,2016-01-01,bpac11,crescimento,CAGR LUCROS 5 ANOS,0.2882
326,2015-01-01,bpac11,crescimento,CAGR LUCROS 5 ANOS,-0.0200999999999999
327,2014-01-01,bpac11,crescimento,CAGR LUCROS 5 ANOS,0.2746
0,2023-01-01,itub4,valuation,D.Y,0.0541
1,2022-01-01,itub4,valuation,D.Y,0.0407
2,2021-01-01,itub4,valuation,D.Y,0.0434
3,2020-01-01,itub4,valuation,D.Y,0.0412
4,2019-01-01,itub4,valuation,D.Y,0.0756
5,2018-01-01,itub4,valuation,D.Y,0.0625
6,2017-01-01,itub4,valuation,D.Y,0.0076
7,2016-01-01,itub4,valuation,D.Y,0.0247
8,2015-01-01,itub4,valuation,D.Y,0.0501
9,2014-01-01,itub4,valuation,D.Y,0.0151
10,2013-01-01,itub4,valuation,D.Y,0.0275
11,2012-01-01,itub4,valuation,D.Y,0.0301
12,2011-01-01,itub4,valuation,D.Y,0.0277
13,2023-01-01,itub4,valuation,P/L,8.59
14,2022-01-01,itub4,valuation,P/L,8.25
15,2021-01-01,itub4,valuation,P/L,7.68
16,2020-01-01,itub4,valuation,P/L,16.4
17,2019-01-01,itub4,valuation,P/L,13.42
18,2018-01-01,itub4,valuation,P/L,9.32
19,2017-01-01,itub4,valuation,P/L,12.08
20,2016-01-01,itub4,valuation,P/L,9.37
21,2015-01-01,itub4,valuation,P/L,6.22
22,2014-01-01,itub4,valuation,P/L,8.88
23,2013-01-01,itub4,valuation,P/L,9.6
24,2012-01-01,itub4,valuation,P/L,12.08
25,2011-01-01,itub4,valuation,P/L,11.23
26,2023-01-01,itub4,valuation,PEG RATIO,0.46
27,2022-01-01,itub4,valuation,PEG RATIO,0.75
28,2021-01-01,itub4,valuation,PEG RATIO,
29,2020-01-01,itub4,valuation,PEG RATIO,
30,2019-01-01,itub4,valuation,PEG RATIO,
31,2018-01-01,itub4,valuation,PEG RATIO,1.26
32,2017-01-01,itub4,valuation,PEG RATIO,1.67
33,2016-01-01,itub4,valuation,PEG RATIO,-0.59
34,2015-01-01,itub4,valuation,PEG RATIO,0.32
35,2014-01-01,itub4,valuation,PEG RATIO,0.28
36,2013-01-01,itub4,valuation,PEG RATIO,0.32
37,2012-01-01,itub4,valuation,PEG RATIO,-1.39
38,2011-01-01,itub4,valuation,PEG RATIO,
39,2023-01-01,itub4,valuation,P/VP,1.52
40,2022-01-01,itub4,valuation,P/VP,1.46
41,2021-01-01,itub4,valuation,P/VP,1.34
42,2020-01-01,itub4,valuation,P/VP,2.17
43,2019-01-01,itub4,valuation,P/VP,2.66
44,2018-01-01,itub4,valuation,P/VP,1.7
45,2017-01-01,itub4,valuation,P/VP,2.13
46,2016-01-01,itub4,valuation,P/VP,1.65
47,2015-01-01,itub4,valuation,P/VP,1.43
48,2014-01-01,itub4,valuation,P/VP,1.93
49,2013-01-01,itub4,valuation,P/VP,1.89
50,2012-01-01,itub4,valuation,P/VP,2.01
51,2011-01-01,itub4,valuation,P/VP,1.98
52,2023-01-01,itub4,valuation,EV/EBITDA,5.87
53,2022-01-01,itub4,valuation,EV/EBITDA,5.43
54,2021-01-01,itub4,valuation,EV/EBITDA,4.22
55,2020-01-01,itub4,valuation,EV/EBITDA,32.56
56,2019-01-01,itub4,valuation,EV/EBITDA,9.73
57,2018-01-01,itub4,valuation,EV/EBITDA,
58,2017-01-01,itub4,valuation,EV/EBITDA,
59,2016-01-01,itub4,valuation,EV/EBITDA,
60,2015-01-01,itub4,valuation,EV/EBITDA,
61,2014-01-01,itub4,valuation,EV/EBITDA,
62,2013-01-01,itub4,valuation,EV/EBITDA,
63,2012-01-01,itub4,valuation,EV/EBITDA,
64,2011-01-01,itub4,valuation,EV/EBITDA,
65,2023-01-01,itub4,valuation,EV/EBIT,6.71
66,2022-01-01,itub4,valuation,EV/EBIT,6.12
67,2021-01-01,itub4,valuation,EV/EBIT,4.65
68,2020-01-01,itub4,valuation,EV/EBIT,55.77
69,2019-01-01,itub4,valuation,EV/EBIT,10.84
70,2018-01-01,itub4,valuation,EV/EBIT,6.99
71,2017-01-01,itub4,valuation,EV/EBIT,8.63
72,2016-01-01,itub4,valuation,EV/EBIT,5.35
73,2015-01-01,itub4,valuation,EV/EBIT,8.48
74,2014-01-01,itub4,valuation,EV/EBIT,6.42
75,2013-01-01,itub4,valuation,EV/EBIT,7.33
76,2012-01-01,itub4,valuation,EV/EBIT,8.47
77,2011-01-01,itub4,valuation,EV/EBIT,7.64
78,2023-01-01,itub4,valuation,P/EBITDA,6.34
79,2022-01-01,itub4,valuation,P/EBITDA,5.79
80,2021-01-01,itub4,valuation,P/EBITDA,4.42
81,2020-01-01,itub4,valuation,P/EBITDA,34.59
82,2019-01-01,itub4,valuation,P/EBITDA,10.45
83,2018-01-01,itub4,valuation,P/EBITDA,
84,2017-01-01,itub4,valuation,P/EBITDA,
85,2016-01-01,itub4,valuation,P/EBITDA,
86,2015-01-01,itub4,valuation,P/EBITDA,
87,2014-01-01,itub4,valuation,P/EBITDA,
88,2013-01-01,itub4,valuation,P/EBITDA,
89,2012-01-01,itub4,valuation,P/EBITDA,
90,2011-01-01,itub4,valuation,P/EBITDA,
91,2023-01-01,itub4,valuation,P/EBIT,7.25
92,2022-01-01,itub4,valuation,P/EBIT,6.53
93,2021-01-01,itub4,valuation,P/EBIT,4.86
94,2020-01-01,itub4,valuation,P/EBIT,59.26
95,2019-01-01,itub4,valuation,P/EBIT,11.64
96,2018-01-01,itub4,valuation,P/EBIT,7.58
97,2017-01-01,itub4,valuation,P/EBIT,9.16
98,2016-01-01,itub4,valuation,P/EBIT,5.68
99,2015-01-01,itub4,valuation,P/EBIT,8.77
100,2014-01-01,itub4,valuation,P/EBIT,6.64
101,2013-01-01,itub4,valuation,P/EBIT,7.55
102,2012-01-01,itub4,valuation,P/EBIT,8.76
103,2011-01-01,itub4,valuation,P/EBIT,8.51
104,2023-01-01,itub4,valuation,VPA,18.24
105,2022-01-01,itub4,valuation,VPA,17.11
106,2021-01-01,itub4,valuation,VPA,15.59
107,2020-01-01,itub4,valuation,VPA,14.59
108,2019-01-01,itub4,valuation,VPA,13.97
109,2018-01-01,itub4,valuation,VPA,20.93
110,2017-01-01,itub4,valuation,VPA,19.96
111,2016-01-01,itub4,valuation,VPA,20.49
112,2015-01-01,itub4,valuation,VPA,18.45
113,2014-01-01,itub4,valuation,VPA,17.95
114,2013-01-01,itub4,valuation,VPA,16.55
115,2012-01-01,itub4,valuation,VPA,16.61
116,2011-01-01,itub4,valuation,VPA,17.15
117,2023-01-01,itub4,valuation,P/ATIVO,0.11
118,2022-01-01,itub4,valuation,P/ATIVO,0.11
119,2021-01-01,itub4,valuation,P/ATIVO,0.1
120,2020-01-01,itub4,valuation,P/ATIVO,0.15
121,2019-01-01,itub4,valuation,P/ATIVO,0.22
122,2018-01-01,itub4,valuation,P/ATIVO,0.15
123,2017-01-01,itub4,valuation,P/ATIVO,0.2
124,2016-01-01,itub4,valuation,P/ATIVO,0.15
125,2015-01-01,itub4,valuation,P/ATIVO,0.13
126,2014-01-01,itub4,valuation,P/ATIVO,0.17
127,2013-01-01,itub4,valuation,P/ATIVO,0.15
128,2012-01-01,itub4,valuation,P/ATIVO,0.16
129,2011-01-01,itub4,valuation,P/ATIVO,0.18
130,2023-01-01,itub4,valuation,LPA,3.22
131,2022-01-01,itub4,valuation,LPA,3.03
132,2021-01-01,itub4,valuation,LPA,2.73
133,2020-01-01,itub4,valuation,LPA,1.93
134,2019-01-01,itub4,valuation,LPA,2.77
135,2018-01-01,itub4,valuation,LPA,3.81
136,2017-01-01,itub4,valuation,LPA,3.52
137,2016-01-01,itub4,valuation,LPA,3.61
138,2015-01-01,itub4,valuation,LPA,4.23
139,2014-01-01,itub4,valuation,LPA,3.9
140,2013-01-01,itub4,valuation,LPA,3.27
141,2012-01-01,itub4,valuation,LPA,2.76
142,2011-01-01,itub4,valuation,LPA,3.03
143,2023-01-01,itub4,valuation,P/SR,0.8
144,2022-01-01,itub4,valuation,P/SR,0.87
145,2021-01-01,itub4,valuation,P/SR,1.05
146,2020-01-01,itub4,valuation,P/SR,1.78
147,2019-01-01,itub4,valuation,P/SR,1.88
148,2018-01-01,itub4,valuation,P/SR,1.77
149,2017-01-01,itub4,valuation,P/SR,1.87
150,2016-01-01,itub4,valuation,P/SR,1.16
151,2015-01-01,itub4,valuation,P/SR,1.24
152,2014-01-01,itub4,valuation,P/SR,1.48
153,2013-01-01,itub4,valuation,P/SR,1.66
154,2012-01-01,itub4,valuation,P/SR,1.5
155,2011-01-01,itub4,valuation,P/SR,1.5
156,2023-01-01,itub4,valuation,P/CAP. GIRO,
157,2022-01-01,itub4,valuation,P/CAP. GIRO,
158,2021-01-01,itub4,valuation,P/CAP. GIRO,
159,2020-01-01,itub4,valuation,P/CAP. GIRO,
160,2019-01-01,itub4,valuation,P/CAP. GIRO,
161,2018-01-01,itub4,valuation,P/CAP. GIRO,
162,2017-01-01,itub4,valuation,P/CAP. GIRO,
163,2016-01-01,itub4,valuation,P/CAP. GIRO,
164,2015-01-01,itub4,valuation,P/CAP. GIRO,
165,2014-01-01,itub4,valuation,P/CAP. GIRO,
166,2013-01-01,itub4,valuation,P/CAP. GIRO,
167,2012-01-01,itub4,valuation,P/CAP. GIRO,
168,2011-01-01,itub4,valuation,P/CAP. GIRO,6.93
169,2023-01-01,itub4,valuation,P/ATIVO CIRC. LIQ.,-0.11
170,2022-01-01,itub4,valuation,P/ATIVO CIRC. LIQ.,-0.11
171,2021-01-01,itub4,valuation,P/ATIVO CIRC. LIQ.,-0.1
172,2020-01-01,itub4,valuation,P/ATIVO CIRC. LIQ.,-0.16
173,2019-01-01,itub4,valuation,P/ATIVO CIRC. LIQ.,-0.23
174,2018-01-01,itub4,valuation,P/ATIVO CIRC. LIQ.,-0.15
175,2017-01-01,itub4,valuation,P/ATIVO CIRC. LIQ.,-0.2
176,2016-01-01,itub4,valuation,P/ATIVO CIRC. LIQ.,-0.15
177,2015-01-01,itub4,valuation,P/ATIVO CIRC. LIQ.,-0.13
178,2014-01-01,itub4,valuation,P/ATIVO CIRC. LIQ.,-0.17
179,2013-01-01,itub4,valuation,P/ATIVO CIRC. LIQ.,-0.16
180,2012-01-01,itub4,valuation,P/ATIVO CIRC. LIQ.,-0.16
181,2011-01-01,itub4,valuation,P/ATIVO CIRC. LIQ.,-0.19
182,2023-01-01,itub4,eficiencia,M. BRUTA,0.3297
183,2022-01-01,itub4,eficiencia,M. BRUTA,0.4078
184,2021-01-01,itub4,eficiencia,M. BRUTA,0.5722999999999999
185,2020-01-01,itub4,eficiencia,M. BRUTA,0.5767
186,2019-01-01,itub4,eficiencia,M. BRUTA,0.6065
187,2018-01-01,itub4,eficiencia,M. BRUTA,0.4623
188,2017-01-01,itub4,eficiencia,M. BRUTA,0.4763
189,2016-01-01,itub4,eficiencia,M. BRUTA,0.4564
190,2015-01-01,itub4,eficiencia,M. BRUTA,0.4207
191,2014-01-01,itub4,eficiencia,M. BRUTA,0.4343999999999999
192,2013-01-01,itub4,eficiencia,M. BRUTA,0.5109
193,2012-01-01,itub4,eficiencia,M. BRUTA,0.5268
194,2011-01-01,itub4,eficiencia,M. BRUTA,0.4633
195,2010-01-01,itub4,eficiencia,M. BRUTA,0.5535
196,2009-01-01,itub4,eficiencia,M. BRUTA,0.853
197,2023-01-01,itub4,eficiencia,M. EBITDA,0.1258
198,2022-01-01,itub4,eficiencia,M. EBITDA,0.1494
199,2021-01-01,itub4,eficiencia,M. EBITDA,0.2375
200,2020-01-01,itub4,eficiencia,M. EBITDA,0.0516
201,2019-01-01,itub4,eficiencia,M. EBITDA,0.1803
202,2018-01-01,itub4,eficiencia,M. EBITDA,
203,2017-01-01,itub4,eficiencia,M. EBITDA,
204,2016-01-01,itub4,eficiencia,M. EBITDA,
205,2015-01-01,itub4,eficiencia,M. EBITDA,
206,2014-01-01,itub4,eficiencia,M. EBITDA,
207,2013-01-01,itub4,eficiencia,M. EBITDA,
208,2012-01-01,itub4,eficiencia,M. EBITDA,
209,2011-01-01,itub4,eficiencia,M. EBITDA,
210,2010-01-01,itub4,eficiencia,M. EBITDA,
211,2009-01-01,itub4,eficiencia,M. EBITDA,
212,2023-01-01,itub4,eficiencia,M. EBIT,0.1101
213,2022-01-01,itub4,eficiencia,M. EBIT,0.1325
214,2021-01-01,itub4,eficiencia,M. EBIT,0.2158
215,2020-01-01,itub4,eficiencia,M. EBIT,0.0301
216,2019-01-01,itub4,eficiencia,M. EBIT,0.1618
217,2018-01-01,itub4,eficiencia,M. EBIT,0.2330999999999999
218,2017-01-01,itub4,eficiencia,M. EBIT,0.2045
219,2016-01-01,itub4,eficiencia,M. EBIT,0.2039
220,2015-01-01,itub4,eficiencia,M. EBIT,0.141
221,2014-01-01,itub4,eficiencia,M. EBIT,0.2232999999999999
222,2013-01-01,itub4,eficiencia,M. EBIT,0.2201
223,2012-01-01,itub4,eficiencia,M. EBIT,0.1714
224,2011-01-01,itub4,eficiencia,M. EBIT,0.1762
225,2010-01-01,itub4,eficiencia,M. EBIT,0.2185
226,2009-01-01,itub4,eficiencia,M. EBIT,
227,2023-01-01,itub4,eficiencia,M. LIQUIDA,0.0929
228,2022-01-01,itub4,eficiencia,M. LIQUIDA,0.1048
229,2021-01-01,itub4,eficiencia,M. LIQUIDA,0.1368
230,2020-01-01,itub4,eficiencia,M. LIQUIDA,0.1086999999999999
231,2019-01-01,itub4,eficiencia,M. LIQUIDA,0.1405
232,2018-01-01,itub4,eficiencia,M. LIQUIDA,0.1896999999999999
233,2017-01-01,itub4,eficiencia,M. LIQUIDA,0.1551
234,2016-01-01,itub4,eficiencia,M. LIQUIDA,0.1235999999999999
235,2015-01-01,itub4,eficiencia,M. LIQUIDA,0.1987
236,2014-01-01,itub4,eficiencia,M. LIQUIDA,0.1669999999999999
237,2013-01-01,itub4,eficiencia,M. LIQUIDA,0.1732999999999999
238,2012-01-01,itub4,eficiencia,M. LIQUIDA,0.1244
239,2011-01-01,itub4,eficiencia,M. LIQUIDA,0.1336
240,2010-01-01,itub4,eficiencia,M. LIQUIDA,0.0095
241,2009-01-01,itub4,eficiencia,M. LIQUIDA,
242,2023-01-01,itub4,endividamento,DIV. LIQUIDA/PL,
243,2022-01-01,itub4,endividamento,DIV. LIQUIDA/PL,
244,2021-01-01,itub4,endividamento,DIV. LIQUIDA/PL,
245,2020-01-01,itub4,endividamento,DIV. LIQUIDA/PL,
246,2019-01-01,itub4,endividamento,DIV. LIQUIDA/PL,
247,2018-01-01,itub4,endividamento,DIV. LIQUIDA/PL,
248,2017-01-01,itub4,endividamento,DIV. LIQUIDA/PL,
249,2016-01-01,itub4,endividamento,DIV. LIQUIDA/PL,
250,2015-01-01,itub4,endividamento,DIV. LIQUIDA/PL,
251,2014-01-01,itub4,endividamento,DIV. LIQUIDA/PL,
252,2013-01-01,itub4,endividamento,DIV. LIQUIDA/PL,
253,2012-01-01,itub4,endividamento,DIV. LIQUIDA/PL,
254,2011-01-01,itub4,endividamento,DIV. LIQUIDA/PL,
255,2010-01-01,itub4,endividamento,DIV. LIQUIDA/PL,
256,2009-01-01,itub4,endividamento,DIV. LIQUIDA/PL,
257,2023-01-01,itub4,endividamento,DIV. LIQUIDA/EBITDA,
258,2022-01-01,itub4,endividamento,DIV. LIQUIDA/EBITDA,
259,2021-01-01,itub4,endividamento,DIV. LIQUIDA/EBITDA,
260,2020-01-01,itub4,endividamento,DIV. LIQUIDA/EBITDA,
261,2019-01-01,itub4,endividamento,DIV. LIQUIDA/EBITDA,
262,2018-01-01,itub4,endividamento,DIV. LIQUIDA/EBITDA,
263,2017-01-01,itub4,endividamento,DIV. LIQUIDA/EBITDA,
264,2016-01-01,itub4,endividamento,DIV. LIQUIDA/EBITDA,
265,2015-01-01,itub4,endividamento,DIV. LIQUIDA/EBITDA,
266,2014-01-01,itub4,endividamento,DIV. LIQUIDA/EBITDA,
267,2013-01-01,itub4,endividamento,DIV. LIQUIDA/EBITDA,
268,2012-01-01,itub4,endividamento,DIV. LIQUIDA/EBITDA,
269,2011-01-01,itub4,endividamento,DIV. LIQUIDA/EBITDA,
270,2010-01-01,itub4,endividamento,DIV. LIQUIDA/EBITDA,
271,2009-01-01,itub4,endividamento,DIV. LIQUIDA/EBITDA,
272,2023-01-01,itub4,endividamento,DIV. LIQUIDA/EBIT,
273,2022-01-01,itub4,endividamento,DIV. LIQUIDA/EBIT,
274,2021-01-01,itub4,endividamento,DIV. LIQUIDA/EBIT,
275,2020-01-01,itub4,endividamento,DIV. LIQUIDA/EBIT,
276,2019-01-01,itub4,endividamento,DIV. LIQUIDA/EBIT,
277,2018-01-01,itub4,endividamento,DIV. LIQUIDA/EBIT,
278,2017-01-01,itub4,endividamento,DIV. LIQUIDA/EBIT,
279,2016-01-01,itub4,endividamento,DIV. LIQUIDA/EBIT,
280,2015-01-01,itub4,endividamento,DIV. LIQUIDA/EBIT,
281,2014-01-01,itub4,endividamento,DIV. LIQUIDA/EBIT,
282,2013-01-01,itub4,endividamento,DIV. LIQUIDA/EBIT,
283,2012-01-01,itub4,endividamento,DIV. LIQUIDA/EBIT,
284,2011-01-01,itub4,endividamento,DIV. LIQUIDA/EBIT,
285,2010-01-01,itub4,endividamento,DIV. LIQUIDA/EBIT,
286,2009-01-01,itub4,endividamento,DIV. LIQUIDA/EBIT,
287,2023-01-01,itub4,endividamento,PL/ATIVOS,0.07
288,2022-01-01,itub4,endividamento,PL/ATIVOS,0.07
289,2021-01-01,itub4,endividamento,PL/ATIVOS,0.07
290,2020-01-01,itub4,endividamento,PL/ATIVOS,0.07
291,2019-01-01,itub4,endividamento,PL/ATIVOS,0.08
292,2018-01-01,itub4,endividamento,PL/ATIVOS,0.09
293,2017-01-01,itub4,endividamento,PL/ATIVOS,0.09
294,2016-01-01,itub4,endividamento,PL/ATIVOS,0.09
295,2015-01-01,itub4,endividamento,PL/ATIVOS,0.09
296,2014-01-01,itub4,endividamento,PL/ATIVOS,0.09
297,2013-01-01,itub4,endividamento,PL/ATIVOS,0.08
298,2012-01-01,itub4,endividamento,PL/ATIVOS,0.08
299,2011-01-01,itub4,endividamento,PL/ATIVOS,0.09
300,2010-01-01,itub4,endividamento,PL/ATIVOS,0.09
301,2009-01-01,itub4,endividamento,PL/ATIVOS,0.11
302,2023-01-01,itub4,endividamento,PASSIVOS/ATIVOS,0.92
303,2022-01-01,itub4,endividamento,PASSIVOS/ATIVOS,0.92
304,2021-01-01,itub4,endividamento,PASSIVOS/ATIVOS,0.92
305,2020-01-01,itub4,endividamento,PASSIVOS/ATIVOS,0.92
306,2019-01-01,itub4,endividamento,PASSIVOS/ATIVOS,0.91
307,2018-01-01,itub4,endividamento,PASSIVOS/ATIVOS,0.9
308,2017-01-01,itub4,endividamento,PASSIVOS/ATIVOS,0.9
309,2016-01-01,itub4,endividamento,PASSIVOS/ATIVOS,0.9
310,2015-01-01,itub4,endividamento,PASSIVOS/ATIVOS,0.91
311,2014-01-01,itub4,endividamento,PASSIVOS/ATIVOS,0.91
312,2013-01-01,itub4,endividamento,PASSIVOS/ATIVOS,0.92
313,2012-01-01,itub4,endividamento,PASSIVOS/ATIVOS,0.92
314,2011-01-01,itub4,endividamento,PASSIVOS/ATIVOS,0.9
315,2010-01-01,itub4,endividamento,PASSIVOS/ATIVOS,0.9
316,2009-01-01,itub4,endividamento,PASSIVOS/ATIVOS,0.89
317,2023-01-01,itub4,endividamento,LIQ. CORRENTE,
318,2022-01-01,itub4,endividamento,LIQ. CORRENTE,
319,2021-01-01,itub4,endividamento,LIQ. CORRENTE,
320,2020-01-01,itub4,endividamento,LIQ. CORRENTE,
321,2019-01-01,itub4,endividamento,LIQ. CORRENTE,
322,2018-01-01,itub4,endividamento,LIQ. CORRENTE,
323,2017-01-01,itub4,endividamento,LIQ. CORRENTE,
324,2016-01-01,itub4,endividamento,LIQ. CORRENTE,
325,2015-01-01,itub4,endividamento,LIQ. CORRENTE,
326,2014-01-01,itub4,endividamento,LIQ. CORRENTE,
327,2013-01-01,itub4,endividamento,LIQ. CORRENTE,
328,2012-01-01,itub4,endividamento,LIQ. CORRENTE,
329,2011-01-01,itub4,endividamento,LIQ. CORRENTE,
330,2010-01-01,itub4,endividamento,LIQ. CORRENTE,
331,2009-01-01,itub4,endividamento,LIQ. CORRENTE,
332,2023-01-01,itub4,rentabilidade,ROE,0.1765
333,2022-01-01,itub4,rentabilidade,ROE,0.1767999999999999
334,2021-01-01,itub4,rentabilidade,ROE,0.1751
335,2020-01-01,itub4,rentabilidade,ROE,0.1321
336,2019-01-01,itub4,rentabilidade,ROE,0.198
337,2018-01-01,itub4,rentabilidade,ROE,0.1821
338,2017-01-01,itub4,rentabilidade,ROE,0.1718
339,2016-01-01,itub4,rentabilidade,ROE,0.1765
340,2015-01-01,itub4,rentabilidade,ROE,0.2293
341,2014-01-01,itub4,rentabilidade,ROE,0.2171999999999999
342,2013-01-01,itub4,rentabilidade,ROE,0.1973
343,2012-01-01,itub4,rentabilidade,ROE,0.1664999999999999
344,2011-01-01,itub4,rentabilidade,ROE,0.1797
345,2010-01-01,itub4,rentabilidade,ROE,0.0113999999999999
346,2009-01-01,itub4,rentabilidade,ROE,0.1214
347,2023-01-01,itub4,rentabilidade,ROA,0.013
348,2022-01-01,itub4,rentabilidade,ROA,0.0128
349,2021-01-01,itub4,rentabilidade,ROA,0.0129
350,2020-01-01,itub4,rentabilidade,ROA,0.0093999999999999
351,2019-01-01,itub4,rentabilidade,ROA,0.0166
352,2018-01-01,itub4,rentabilidade,ROA,0.016
353,2017-01-01,itub4,rentabilidade,ROA,0.0161
354,2016-01-01,itub4,rentabilidade,ROA,0.016
355,2015-01-01,itub4,rentabilidade,ROA,0.0202
356,2014-01-01,itub4,rentabilidade,ROA,0.0191
357,2013-01-01,itub4,rentabilidade,ROA,0.016
358,2012-01-01,itub4,rentabilidade,ROA,0.0132
359,2011-01-01,itub4,rentabilidade,ROA,0.0169
360,2010-01-01,itub4,rentabilidade,ROA,0.0011
361,2009-01-01,itub4,rentabilidade,ROA,0.0133
362,2023-01-01,itub4,rentabilidade,ROIC,
363,2022-01-01,itub4,rentabilidade,ROIC,
364,2021-01-01,itub4,rentabilidade,ROIC,
365,2020-01-01,itub4,rentabilidade,ROIC,
366,2019-01-01,itub4,rentabilidade,ROIC,
367,2018-01-01,itub4,rentabilidade,ROIC,
368,2017-01-01,itub4,rentabilidade,ROIC,
369,2016-01-01,itub4,rentabilidade,ROIC,
370,2015-01-01,itub4,rentabilidade,ROIC,
371,2014-01-01,itub4,rentabilidade,ROIC,
372,2013-01-01,itub4,rentabilidade,ROIC,
373,2012-01-01,itub4,rentabilidade,ROIC,
374,2011-01-01,itub4,rentabilidade,ROIC,
375,2010-01-01,itub4,rentabilidade,ROIC,
376,2009-01-01,itub4,rentabilidade,ROIC,
377,2023-01-01,itub4,rentabilidade,GIRO ATIVOS,0.14
378,2022-01-01,itub4,rentabilidade,GIRO ATIVOS,0.12
379,2021-01-01,itub4,rentabilidade,GIRO ATIVOS,0.09
380,2020-01-01,itub4,rentabilidade,GIRO ATIVOS,0.09
381,2019-01-01,itub4,rentabilidade,GIRO ATIVOS,0.12
382,2018-01-01,itub4,rentabilidade,GIRO ATIVOS,0.08
383,2017-01-01,itub4,rentabilidade,GIRO ATIVOS,0.1
384,2016-01-01,itub4,rentabilidade,GIRO ATIVOS,0.13
385,2015-01-01,itub4,rentabilidade,GIRO ATIVOS,0.1
386,2014-01-01,itub4,rentabilidade,GIRO ATIVOS,0.11
387,2013-01-01,itub4,rentabilidade,GIRO ATIVOS,0.09
388,2012-01-01,itub4,rentabilidade,GIRO ATIVOS,0.11
389,2011-01-01,itub4,rentabilidade,GIRO ATIVOS,0.13
390,2010-01-01,itub4,rentabilidade,GIRO ATIVOS,0.11
391,2009-01-01,itub4,rentabilidade,GIRO ATIVOS,0.0
392,2023-01-01,itub4,crescimento,CAGR RECEITAS 5 ANOS,0.1363
393,2022-01-01,itub4,crescimento,CAGR RECEITAS 5 ANOS,0.1363
394,2021-01-01,itub4,crescimento,CAGR RECEITAS 5 ANOS,0.0226
395,2020-01-01,itub4,crescimento,CAGR RECEITAS 5 ANOS,0.0604
396,2019-01-01,itub4,crescimento,CAGR RECEITAS 5 ANOS,0.0839
397,2018-01-01,itub4,crescimento,CAGR RECEITAS 5 ANOS,0.0673
398,2017-01-01,itub4,crescimento,CAGR RECEITAS 5 ANOS,0.0805
399,2016-01-01,itub4,crescimento,CAGR RECEITAS 5 ANOS,0.1105
400,2015-01-01,itub4,crescimento,CAGR RECEITAS 5 ANOS,0.0944999999999999
401,2014-01-01,itub4,crescimento,CAGR RECEITAS 5 ANOS,2.0692
402,2013-01-01,itub4,crescimento,CAGR RECEITAS 5 ANOS,
403,2023-01-01,itub4,crescimento,CAGR LUCROS 5 ANOS,0.0636
404,2022-01-01,itub4,crescimento,CAGR LUCROS 5 ANOS,0.0507
405,2021-01-01,itub4,crescimento,CAGR LUCROS 5 ANOS,0.0435
406,2020-01-01,itub4,crescimento,CAGR LUCROS 5 ANOS,-0.0599
407,2019-01-01,itub4,crescimento,CAGR LUCROS 5 ANOS,0.0469
408,2018-01-01,itub4,crescimento,CAGR LUCROS 5 ANOS,0.0868
409,2017-01-01,itub4,crescimento,CAGR LUCROS 5 ANOS,0.1292
410,2016-01-01,itub4,crescimento,CAGR LUCROS 5 ANOS,0.0934
411,2015-01-01,itub4,crescimento,CAGR LUCROS 5 ANOS,1.0093
412,2014-01-01,itub4,crescimento,CAGR LUCROS 5 ANOS,0.2284
413,2013-01-01,itub4,crescimento,CAGR LUCROS 5 ANOS,
0,2023-01-01,sanb11,valuation,D.Y,0.0622
1,2022-01-01,sanb11,valuation,D.Y,0.0795
2,2021-01-01,sanb11,valuation,D.Y,0.0946
3,2020-01-01,sanb11,valuation,D.Y,0.0626
4,2019-01-01,sanb11,valuation,D.Y,0.0421999999999999
5,2018-01-01,sanb11,valuation,D.Y,0.0412999999999999
6,2017-01-01,sanb11,valuation,D.Y,0.0125
7,2016-01-01,sanb11,valuation,D.Y,
8,2015-01-01,sanb11,valuation,D.Y,
9,2014-01-01,sanb11,valuation,D.Y,
10,2013-01-01,sanb11,valuation,D.Y,
11,2012-01-01,sanb11,valuation,D.Y,0.0259
12,2011-01-01,sanb11,valuation,D.Y,0.0558
13,2023-01-01,sanb11,valuation,P/L,10.38
14,2022-01-01,sanb11,valuation,P/L,7.37
15,2021-01-01,sanb11,valuation,P/L,7.22
16,2020-01-01,sanb11,valuation,P/L,12.53
17,2019-01-01,sanb11,valuation,P/L,11.32
18,2018-01-01,sanb11,valuation,P/L,12.72
19,2017-01-01,sanb11,valuation,P/L,13.51
20,2016-01-01,sanb11,valuation,P/L,15.23
21,2015-01-01,sanb11,valuation,P/L,7.45
22,2014-01-01,sanb11,valuation,P/L,477.01
23,2013-01-01,sanb11,valuation,P/L,487.35
24,2012-01-01,sanb11,valuation,P/L,544.79
25,2011-01-01,sanb11,valuation,P/L,385.68
26,2023-01-01,sanb11,valuation,PEG RATIO,-0.28
27,2022-01-01,sanb11,valuation,PEG RATIO,-0.94
28,2021-01-01,sanb11,valuation,PEG RATIO,
29,2020-01-01,sanb11,valuation,PEG RATIO,
30,2019-01-01,sanb11,valuation,PEG RATIO,
31,2018-01-01,sanb11,valuation,PEG RATIO,0.31
32,2017-01-01,sanb11,valuation,PEG RATIO,0.62
33,2016-01-01,sanb11,valuation,PEG RATIO,-0.61
34,2015-01-01,sanb11,valuation,PEG RATIO,0.1
35,2014-01-01,sanb11,valuation,PEG RATIO,-292.09
36,2013-01-01,sanb11,valuation,PEG RATIO,110.92
37,2012-01-01,sanb11,valuation,PEG RATIO,-18.68
38,2011-01-01,sanb11,valuation,PEG RATIO,
39,2023-01-01,sanb11,valuation,P/VP,0.93
40,2022-01-01,sanb11,valuation,P/VP,0.96
41,2021-01-01,sanb11,valuation,P/VP,1.03
42,2020-01-01,sanb11,valuation,P/VP,1.98
43,2019-01-01,sanb11,valuation,P/VP,2.66
44,2018-01-01,sanb11,valuation,P/VP,1.76
45,2017-01-01,sanb11,valuation,P/VP,1.39
46,2016-01-01,sanb11,valuation,P/VP,1.33
47,2015-01-01,sanb11,valuation,P/VP,0.92
48,2014-01-01,sanb11,valuation,P/VP,34.3
49,2013-01-01,sanb11,valuation,P/VP,34.28
50,2012-01-01,sanb11,valuation,P/VP,37.86
51,2011-01-01,sanb11,valuation,P/VP,38.26
52,2023-01-01,sanb11,valuation,EV/EBITDA,
53,2022-01-01,sanb11,valuation,EV/EBITDA,
54,2021-01-01,sanb11,valuation,EV/EBITDA,
55,2020-01-01,sanb11,valuation,EV/EBITDA,
56,2019-01-01,sanb11,valuation,EV/EBITDA,7.53
57,2018-01-01,sanb11,valuation,EV/EBITDA,
58,2017-01-01,sanb11,valuation,EV/EBITDA,
59,2016-01-01,sanb11,valuation,EV/EBITDA,
60,2015-01-01,sanb11,valuation,EV/EBITDA,
61,2014-01-01,sanb11,valuation,EV/EBITDA,
62,2013-01-01,sanb11,valuation,EV/EBITDA,
63,2012-01-01,sanb11,valuation,EV/EBITDA,
64,2011-01-01,sanb11,valuation,EV/EBITDA,
65,2023-01-01,sanb11,valuation,EV/EBIT,14.5
66,2022-01-01,sanb11,valuation,EV/EBIT,5.4
67,2021-01-01,sanb11,valuation,EV/EBIT,4.54
68,2020-01-01,sanb11,valuation,EV/EBIT,17.39
69,2019-01-01,sanb11,valuation,EV/EBIT,8.34
70,2018-01-01,sanb11,valuation,EV/EBIT,10.06
71,2017-01-01,sanb11,valuation,EV/EBIT,8.31
72,2016-01-01,sanb11,valuation,EV/EBIT,6.82
73,2015-01-01,sanb11,valuation,EV/EBIT,-22.67
74,2014-01-01,sanb11,valuation,EV/EBIT,416.8
75,2013-01-01,sanb11,valuation,EV/EBIT,694.16
76,2012-01-01,sanb11,valuation,EV/EBIT,545.55
77,2011-01-01,sanb11,valuation,EV/EBIT,340.2
78,2023-01-01,sanb11,valuation,P/EBITDA,
79,2022-01-01,sanb11,valuation,P/EBITDA,
80,2021-01-01,sanb11,valuation,P/EBITDA,
81,2020-01-01,sanb11,valuation,P/EBITDA,
82,2019-01-01,sanb11,valuation,P/EBITDA,7.53
83,2018-01-01,sanb11,valuation,P/EBITDA,
84,2017-01-01,sanb11,valuation,P/EBITDA,
85,2016-01-01,sanb11,valuation,P/EBITDA,
86,2015-01-01,sanb11,valuation,P/EBITDA,
87,2014-01-01,sanb11,valuation,P/EBITDA,
88,2013-01-01,sanb11,valuation,P/EBITDA,
89,2012-01-01,sanb11,valuation,P/EBITDA,
90,2011-01-01,sanb11,valuation,P/EBITDA,
91,2023-01-01,sanb11,valuation,P/EBIT,14.5
92,2022-01-01,sanb11,valuation,P/EBIT,5.4
93,2021-01-01,sanb11,valuation,P/EBIT,4.54
94,2020-01-01,sanb11,valuation,P/EBIT,17.39
95,2019-01-01,sanb11,valuation,P/EBIT,8.34
96,2018-01-01,sanb11,valuation,P/EBIT,10.06
97,2017-01-01,sanb11,valuation,P/EBIT,8.31
98,2016-01-01,sanb11,valuation,P/EBIT,6.82
99,2015-01-01,sanb11,valuation,P/EBIT,-22.67
100,2014-01-01,sanb11,valuation,P/EBIT,416.8
101,2013-01-01,sanb11,valuation,P/EBIT,694.16
102,2012-01-01,sanb11,valuation,P/EBIT,545.55
103,2011-01-01,sanb11,valuation,P/EBIT,340.2
104,2023-01-01,sanb11,valuation,VPA,29.88
105,2022-01-01,sanb11,valuation,VPA,29.39
106,2021-01-01,sanb11,valuation,VPA,29.08
107,2020-01-01,sanb11,valuation,VPA,22.64
108,2019-01-01,sanb11,valuation,VPA,18.59
109,2018-01-01,sanb11,valuation,VPA,24.27
110,2017-01-01,sanb11,valuation,VPA,22.91
111,2016-01-01,sanb11,valuation,VPA,22.24
112,2015-01-01,sanb11,valuation,VPA,17.47
113,2014-01-01,sanb11,valuation,VPA,0.39
114,2013-01-01,sanb11,valuation,VPA,0.41
115,2012-01-01,sanb11,valuation,VPA,0.4
116,2011-01-01,sanb11,valuation,VPA,0.39
117,2023-01-01,sanb11,valuation,P/ATIVO,0.1
118,2022-01-01,sanb11,valuation,P/ATIVO,0.11
119,2021-01-01,sanb11,valuation,P/ATIVO,0.11
120,2020-01-01,sanb11,valuation,P/ATIVO,0.17
121,2019-01-01,sanb11,valuation,P/ATIVO,0.22
122,2018-01-01,sanb11,valuation,P/ATIVO,0.22
123,2017-01-01,sanb11,valuation,P/ATIVO,0.19
124,2016-01-01,sanb11,valuation,P/ATIVO,0.18
125,2015-01-01,sanb11,valuation,P/ATIVO,0.12
126,2014-01-01,sanb11,valuation,P/ATIVO,5.16
127,2013-01-01,sanb11,valuation,P/ATIVO,6.16
128,2012-01-01,sanb11,valuation,P/ATIVO,7.07
129,2011-01-01,sanb11,valuation,P/ATIVO,7.46
130,2023-01-01,sanb11,valuation,LPA,2.67
131,2022-01-01,sanb11,valuation,LPA,3.82
132,2021-01-01,sanb11,valuation,LPA,4.15
133,2020-01-01,sanb11,valuation,LPA,3.58
134,2019-01-01,sanb11,valuation,LPA,4.38
135,2018-01-01,sanb11,valuation,LPA,3.36
136,2017-01-01,sanb11,valuation,LPA,2.36
137,2016-01-01,sanb11,valuation,LPA,1.94
138,2015-01-01,sanb11,valuation,LPA,2.15
139,2014-01-01,sanb11,valuation,LPA,0.03
140,2013-01-01,sanb11,valuation,LPA,0.03
141,2012-01-01,sanb11,valuation,LPA,0.03
142,2011-01-01,sanb11,valuation,LPA,0.04
143,2023-01-01,sanb11,valuation,P/SR,1.06
144,2022-01-01,sanb11,valuation,P/SR,0.92
145,2021-01-01,sanb11,valuation,P/SR,1.44
146,2020-01-01,sanb11,valuation,P/SR,2.68
147,2019-01-01,sanb11,valuation,P/SR,2.55
148,2018-01-01,sanb11,valuation,P/SR,2.27
149,2017-01-01,sanb11,valuation,P/SR,1.69
150,2016-01-01,sanb11,valuation,P/SR,1.45
151,2015-01-01,sanb11,valuation,P/SR,1.04
152,2014-01-01,sanb11,valuation,P/SR,45.58
153,2013-01-01,sanb11,valuation,P/SR,54.46
154,2012-01-01,sanb11,valuation,P/SR,56.74
155,2011-01-01,sanb11,valuation,P/SR,57.72
156,2023-01-01,sanb11,valuation,P/CAP. GIRO,
157,2022-01-01,sanb11,valuation,P/CAP. GIRO,-0.12
158,2021-01-01,sanb11,valuation,P/CAP. GIRO,-0.25
159,2020-01-01,sanb11,valuation,P/CAP. GIRO,-0.35
160,2019-01-01,sanb11,valuation,P/CAP. GIRO,-2.07
161,2018-01-01,sanb11,valuation,P/CAP. GIRO,
162,2017-01-01,sanb11,valuation,P/CAP. GIRO,
163,2016-01-01,sanb11,valuation,P/CAP. GIRO,
164,2015-01-01,sanb11,valuation,P/CAP. GIRO,
165,2014-01-01,sanb11,valuation,P/CAP. GIRO,
166,2013-01-01,sanb11,valuation,P/CAP. GIRO,
167,2012-01-01,sanb11,valuation,P/CAP. GIRO,
168,2011-01-01,sanb11,valuation,P/CAP. GIRO,
169,2023-01-01,sanb11,valuation,P/ATIVO CIRC. LIQ.,-0.1
170,2022-01-01,sanb11,valuation,P/ATIVO CIRC. LIQ.,-0.11
171,2021-01-01,sanb11,valuation,P/ATIVO CIRC. LIQ.,-0.13
172,2020-01-01,sanb11,valuation,P/ATIVO CIRC. LIQ.,-0.2
173,2019-01-01,sanb11,valuation,P/ATIVO CIRC. LIQ.,-0.56
174,2018-01-01,sanb11,valuation,P/ATIVO CIRC. LIQ.,-0.23
175,2017-01-01,sanb11,valuation,P/ATIVO CIRC. LIQ.,-0.22
176,2016-01-01,sanb11,valuation,P/ATIVO CIRC. LIQ.,-0.21
177,2015-01-01,sanb11,valuation,P/ATIVO CIRC. LIQ.,-0.14
178,2014-01-01,sanb11,valuation,P/ATIVO CIRC. LIQ.,-5.78
179,2013-01-01,sanb11,valuation,P/ATIVO CIRC. LIQ.,-6.95
180,2012-01-01,sanb11,valuation,P/ATIVO CIRC. LIQ.,-8.13
181,2011-01-01,sanb11,valuation,P/ATIVO CIRC. LIQ.,-8.94
182,2023-01-01,sanb11,eficiencia,M. BRUTA,0.1573
183,2022-01-01,sanb11,eficiencia,M. BRUTA,0.4122999999999999
184,2021-01-01,sanb11,eficiencia,M. BRUTA,0.6579999999999999
185,2020-01-01,sanb11,eficiencia,M. BRUTA,0.708
186,2019-01-01,sanb11,eficiencia,M. BRUTA,0.6085
187,2018-01-01,sanb11,eficiencia,M. BRUTA,0.5948
188,2017-01-01,sanb11,eficiencia,M. BRUTA,0.4893
189,2016-01-01,sanb11,eficiencia,M. BRUTA,0.3964999999999999
190,2015-01-01,sanb11,eficiencia,M. BRUTA,0.4485
191,2014-01-01,sanb11,eficiencia,M. BRUTA,0.4621
192,2013-01-01,sanb11,eficiencia,M. BRUTA,0.556
193,2012-01-01,sanb11,eficiencia,M. BRUTA,0.6
194,2011-01-01,sanb11,eficiencia,M. BRUTA,0.5375
195,2010-01-01,sanb11,eficiencia,M. BRUTA,0.589
196,2009-01-01,sanb11,eficiencia,M. BRUTA,0.5634
197,2008-01-01,sanb11,eficiencia,M. BRUTA,0.4811999999999999
198,2023-01-01,sanb11,eficiencia,M. EBITDA,
199,2022-01-01,sanb11,eficiencia,M. EBITDA,
200,2021-01-01,sanb11,eficiencia,M. EBITDA,
201,2020-01-01,sanb11,eficiencia,M. EBITDA,
202,2019-01-01,sanb11,eficiencia,M. EBITDA,
203,2018-01-01,sanb11,eficiencia,M. EBITDA,
204,2017-01-01,sanb11,eficiencia,M. EBITDA,
205,2016-01-01,sanb11,eficiencia,M. EBITDA,
206,2015-01-01,sanb11,eficiencia,M. EBITDA,
207,2014-01-01,sanb11,eficiencia,M. EBITDA,
208,2013-01-01,sanb11,eficiencia,M. EBITDA,
209,2012-01-01,sanb11,eficiencia,M. EBITDA,
210,2011-01-01,sanb11,eficiencia,M. EBITDA,
211,2010-01-01,sanb11,eficiencia,M. EBITDA,
212,2009-01-01,sanb11,eficiencia,M. EBITDA,
213,2008-01-01,sanb11,eficiencia,M. EBITDA,
214,2023-01-01,sanb11,eficiencia,M. EBIT,0.0732
215,2022-01-01,sanb11,eficiencia,M. EBIT,0.1699
216,2021-01-01,sanb11,eficiencia,M. EBIT,0.3173999999999999
217,2020-01-01,sanb11,eficiencia,M. EBIT,0.1539
218,2019-01-01,sanb11,eficiencia,M. EBIT,0.3057999999999999
219,2018-01-01,sanb11,eficiencia,M. EBIT,0.2257
220,2017-01-01,sanb11,eficiencia,M. EBIT,0.2032
221,2016-01-01,sanb11,eficiencia,M. EBIT,0.2123999999999999
222,2015-01-01,sanb11,eficiencia,M. EBIT,-0.046
223,2014-01-01,sanb11,eficiencia,M. EBIT,0.1093
224,2013-01-01,sanb11,eficiencia,M. EBIT,0.0785
225,2012-01-01,sanb11,eficiencia,M. EBIT,0.104
226,2011-01-01,sanb11,eficiencia,M. EBIT,0.1697
227,2010-01-01,sanb11,eficiencia,M. EBIT,0.2444
228,2009-01-01,sanb11,eficiencia,M. EBIT,0.2067999999999999
229,2008-01-01,sanb11,eficiencia,M. EBIT,0.1072
230,2023-01-01,sanb11,eficiencia,M. LIQUIDA,0.1021
231,2022-01-01,sanb11,eficiencia,M. LIQUIDA,0.1244
232,2021-01-01,sanb11,eficiencia,M. LIQUIDA,0.1994999999999999
233,2020-01-01,sanb11,eficiencia,M. LIQUIDA,0.2138
234,2019-01-01,sanb11,eficiencia,M. LIQUIDA,0.2251999999999999
235,2018-01-01,sanb11,eficiencia,M. LIQUIDA,0.1785
236,2017-01-01,sanb11,eficiencia,M. LIQUIDA,0.125
237,2016-01-01,sanb11,eficiencia,M. LIQUIDA,0.0951
238,2015-01-01,sanb11,eficiencia,M. LIQUIDA,0.14
239,2014-01-01,sanb11,eficiencia,M. LIQUIDA,0.0955
240,2013-01-01,sanb11,eficiencia,M. LIQUIDA,0.1117
241,2012-01-01,sanb11,eficiencia,M. LIQUIDA,0.1041
242,2011-01-01,sanb11,eficiencia,M. LIQUIDA,0.1496
243,2010-01-01,sanb11,eficiencia,M. LIQUIDA,0.1805
244,2009-01-01,sanb11,eficiencia,M. LIQUIDA,0.14
245,2008-01-01,sanb11,eficiencia,M. LIQUIDA,0.1001
246,2023-01-01,sanb11,endividamento,DIV. LIQUIDA/PL,
247,2022-01-01,sanb11,endividamento,DIV. LIQUIDA/PL,
248,2021-01-01,sanb11,endividamento,DIV. LIQUIDA/PL,
249,2020-01-01,sanb11,endividamento,DIV. LIQUIDA/PL,
250,2019-01-01,sanb11,endividamento,DIV. LIQUIDA/PL,
251,2018-01-01,sanb11,endividamento,DIV. LIQUIDA/PL,
252,2017-01-01,sanb11,endividamento,DIV. LIQUIDA/PL,
253,2016-01-01,sanb11,endividamento,DIV. LIQUIDA/PL,
254,2015-01-01,sanb11,endividamento,DIV. LIQUIDA/PL,
255,2014-01-01,sanb11,endividamento,DIV. LIQUIDA/PL,
256,2013-01-01,sanb11,endividamento,DIV. LIQUIDA/PL,
257,2012-01-01,sanb11,endividamento,DIV. LIQUIDA/PL,
258,2011-01-01,sanb11,endividamento,DIV. LIQUIDA/PL,
259,2010-01-01,sanb11,endividamento,DIV. LIQUIDA/PL,
260,2009-01-01,sanb11,endividamento,DIV. LIQUIDA/PL,
261,2008-01-01,sanb11,endividamento,DIV. LIQUIDA/PL,
262,2023-01-01,sanb11,endividamento,DIV. LIQUIDA/EBITDA,
263,2022-01-01,sanb11,endividamento,DIV. LIQUIDA/EBITDA,
264,2021-01-01,sanb11,endividamento,DIV. LIQUIDA/EBITDA,
265,2020-01-01,sanb11,endividamento,DIV. LIQUIDA/EBITDA,
266,2019-01-01,sanb11,endividamento,DIV. LIQUIDA/EBITDA,
267,2018-01-01,sanb11,endividamento,DIV. LIQUIDA/EBITDA,
268,2017-01-01,sanb11,endividamento,DIV. LIQUIDA/EBITDA,
269,2016-01-01,sanb11,endividamento,DIV. LIQUIDA/EBITDA,
270,2015-01-01,sanb11,endividamento,DIV. LIQUIDA/EBITDA,
271,2014-01-01,sanb11,endividamento,DIV. LIQUIDA/EBITDA,
272,2013-01-01,sanb11,endividamento,DIV. LIQUIDA/EBITDA,
273,2012-01-01,sanb11,endividamento,DIV. LIQUIDA/EBITDA,
274,2011-01-01,sanb11,endividamento,DIV. LIQUIDA/EBITDA,
275,2010-01-01,sanb11,endividamento,DIV. LIQUIDA/EBITDA,
276,2009-01-01,sanb11,endividamento,DIV. LIQUIDA/EBITDA,
277,2008-01-01,sanb11,endividamento,DIV. LIQUIDA/EBITDA,
278,2023-01-01,sanb11,endividamento,DIV. LIQUIDA/EBIT,
279,2022-01-01,sanb11,endividamento,DIV. LIQUIDA/EBIT,
280,2021-01-01,sanb11,endividamento,DIV. LIQUIDA/EBIT,
281,2020-01-01,sanb11,endividamento,DIV. LIQUIDA/EBIT,
282,2019-01-01,sanb11,endividamento,DIV. LIQUIDA/EBIT,
283,2018-01-01,sanb11,endividamento,DIV. LIQUIDA/EBIT,
284,2017-01-01,sanb11,endividamento,DIV. LIQUIDA/EBIT,
285,2016-01-01,sanb11,endividamento,DIV. LIQUIDA/EBIT,
286,2015-01-01,sanb11,endividamento,DIV. LIQUIDA/EBIT,
287,2014-01-01,sanb11,endividamento,DIV. LIQUIDA/EBIT,
288,2013-01-01,sanb11,endividamento,DIV. LIQUIDA/EBIT,
289,2012-01-01,sanb11,endividamento,DIV. LIQUIDA/EBIT,
290,2011-01-01,sanb11,endividamento,DIV. LIQUIDA/EBIT,
291,2010-01-01,sanb11,endividamento,DIV. LIQUIDA/EBIT,
292,2009-01-01,sanb11,endividamento,DIV. LIQUIDA/EBIT,
293,2008-01-01,sanb11,endividamento,DIV. LIQUIDA/EBIT,
294,2023-01-01,sanb11,endividamento,PL/ATIVOS,0.11
295,2022-01-01,sanb11,endividamento,PL/ATIVOS,0.1
296,2021-01-01,sanb11,endividamento,PL/ATIVOS,0.11
297,2020-01-01,sanb11,endividamento,PL/ATIVOS,0.09
298,2019-01-01,sanb11,endividamento,PL/ATIVOS,0.13
299,2018-01-01,sanb11,endividamento,PL/ATIVOS,0.13
300,2017-01-01,sanb11,endividamento,PL/ATIVOS,0.13
301,2016-01-01,sanb11,endividamento,PL/ATIVOS,0.13
302,2015-01-01,sanb11,endividamento,PL/ATIVOS,0.13
303,2014-01-01,sanb11,endividamento,PL/ATIVOS,0.15
304,2013-01-01,sanb11,endividamento,PL/ATIVOS,0.18
305,2012-01-01,sanb11,endividamento,PL/ATIVOS,0.19
306,2011-01-01,sanb11,endividamento,PL/ATIVOS,0.19
307,2010-01-01,sanb11,endividamento,PL/ATIVOS,0.2
308,2009-01-01,sanb11,endividamento,PL/ATIVOS,0.22
309,2008-01-01,sanb11,endividamento,PL/ATIVOS,0.17
310,2023-01-01,sanb11,endividamento,PASSIVOS/ATIVOS,0.89
311,2022-01-01,sanb11,endividamento,PASSIVOS/ATIVOS,0.82
312,2021-01-01,sanb11,endividamento,PASSIVOS/ATIVOS,0.89
313,2020-01-01,sanb11,endividamento,PASSIVOS/ATIVOS,0.91
314,2019-01-01,sanb11,endividamento,PASSIVOS/ATIVOS,0.87
315,2018-01-01,sanb11,endividamento,PASSIVOS/ATIVOS,0.87
316,2017-01-01,sanb11,endividamento,PASSIVOS/ATIVOS,0.87
317,2016-01-01,sanb11,endividamento,PASSIVOS/ATIVOS,0.87
318,2015-01-01,sanb11,endividamento,PASSIVOS/ATIVOS,0.87
319,2014-01-01,sanb11,endividamento,PASSIVOS/ATIVOS,0.85
320,2013-01-01,sanb11,endividamento,PASSIVOS/ATIVOS,0.82
321,2012-01-01,sanb11,endividamento,PASSIVOS/ATIVOS,0.81
322,2011-01-01,sanb11,endividamento,PASSIVOS/ATIVOS,0.81
323,2010-01-01,sanb11,endividamento,PASSIVOS/ATIVOS,0.8
324,2009-01-01,sanb11,endividamento,PASSIVOS/ATIVOS,0.78
325,2008-01-01,sanb11,endividamento,PASSIVOS/ATIVOS,0.83
326,2023-01-01,sanb11,endividamento,LIQ. CORRENTE,
327,2022-01-01,sanb11,endividamento,LIQ. CORRENTE,0.44
328,2021-01-01,sanb11,endividamento,LIQ. CORRENTE,0.23
329,2020-01-01,sanb11,endividamento,LIQ. CORRENTE,0.26
330,2019-01-01,sanb11,endividamento,LIQ. CORRENTE,0.03
331,2018-01-01,sanb11,endividamento,LIQ. CORRENTE,
332,2017-01-01,sanb11,endividamento,LIQ. CORRENTE,
333,2016-01-01,sanb11,endividamento,LIQ. CORRENTE,
334,2015-01-01,sanb11,endividamento,LIQ. CORRENTE,
335,2014-01-01,sanb11,endividamento,LIQ. CORRENTE,
336,2013-01-01,sanb11,endividamento,LIQ. CORRENTE,
337,2012-01-01,sanb11,endividamento,LIQ. CORRENTE,
338,2011-01-01,sanb11,endividamento,LIQ. CORRENTE,
339,2010-01-01,sanb11,endividamento,LIQ. CORRENTE,
340,2009-01-01,sanb11,endividamento,LIQ. CORRENTE,
341,2008-01-01,sanb11,endividamento,LIQ. CORRENTE,
342,2023-01-01,sanb11,rentabilidade,ROE,0.0892
343,2022-01-01,sanb11,rentabilidade,ROE,0.1301
344,2021-01-01,sanb11,rentabilidade,ROE,0.1427
345,2020-01-01,sanb11,rentabilidade,ROE,0.1581
346,2019-01-01,sanb11,rentabilidade,ROE,0.1698
347,2018-01-01,sanb11,rentabilidade,ROE,0.1383
348,2017-01-01,sanb11,rentabilidade,ROE,0.103
349,2016-01-01,sanb11,rentabilidade,ROE,0.0872
350,2015-01-01,sanb11,rentabilidade,ROE,0.1232
351,2014-01-01,sanb11,rentabilidade,ROE,0.0719
352,2013-01-01,sanb11,rentabilidade,ROE,0.0703
353,2012-01-01,sanb11,rentabilidade,ROE,0.0674
354,2011-01-01,sanb11,rentabilidade,ROE,0.0992
355,2010-01-01,sanb11,rentabilidade,ROE,0.1006
356,2009-01-01,sanb11,rentabilidade,ROE,0.0795
357,2008-01-01,sanb11,rentabilidade,ROE,0.0476999999999999
358,2023-01-01,sanb11,rentabilidade,ROA,0.0098
359,2022-01-01,sanb11,rentabilidade,ROA,0.0135
360,2021-01-01,sanb11,rentabilidade,ROA,0.0159
361,2020-01-01,sanb11,rentabilidade,ROA,0.0136
362,2019-01-01,sanb11,rentabilidade,ROA,0.0215
363,2018-01-01,sanb11,rentabilidade,ROA,0.0174
364,2017-01-01,sanb11,rentabilidade,ROA,0.0138
365,2016-01-01,sanb11,rentabilidade,ROA,0.0116
366,2015-01-01,sanb11,rentabilidade,ROA,0.0162
367,2014-01-01,sanb11,rentabilidade,ROA,0.0108
368,2013-01-01,sanb11,rentabilidade,ROA,0.0126
369,2012-01-01,sanb11,rentabilidade,ROA,0.013
370,2011-01-01,sanb11,rentabilidade,ROA,0.0192999999999999
371,2010-01-01,sanb11,rentabilidade,ROA,0.0197
372,2009-01-01,sanb11,rentabilidade,ROA,0.0174
373,2008-01-01,sanb11,rentabilidade,ROA,0.0081
374,2023-01-01,sanb11,rentabilidade,ROIC,
375,2022-01-01,sanb11,rentabilidade,ROIC,
376,2021-01-01,sanb11,rentabilidade,ROIC,
377,2020-01-01,sanb11,rentabilidade,ROIC,
378,2019-01-01,sanb11,rentabilidade,ROIC,
379,2018-01-01,sanb11,rentabilidade,ROIC,
380,2017-01-01,sanb11,rentabilidade,ROIC,
381,2016-01-01,sanb11,rentabilidade,ROIC,
382,2015-01-01,sanb11,rentabilidade,ROIC,
383,2014-01-01,sanb11,rentabilidade,ROIC,
384,2013-01-01,sanb11,rentabilidade,ROIC,
385,2012-01-01,sanb11,rentabilidade,ROIC,
386,2011-01-01,sanb11,rentabilidade,ROIC,
387,2010-01-01,sanb11,rentabilidade,ROIC,
388,2009-01-01,sanb11,rentabilidade,ROIC,
389,2008-01-01,sanb11,rentabilidade,ROIC,
390,2023-01-01,sanb11,rentabilidade,GIRO ATIVOS,0.1
391,2022-01-01,sanb11,rentabilidade,GIRO ATIVOS,0.11
392,2021-01-01,sanb11,rentabilidade,GIRO ATIVOS,0.08
393,2020-01-01,sanb11,rentabilidade,GIRO ATIVOS,0.06
394,2019-01-01,sanb11,rentabilidade,GIRO ATIVOS,0.1
395,2018-01-01,sanb11,rentabilidade,GIRO ATIVOS,0.1
396,2017-01-01,sanb11,rentabilidade,GIRO ATIVOS,0.11
397,2016-01-01,sanb11,rentabilidade,GIRO ATIVOS,0.12
398,2015-01-01,sanb11,rentabilidade,GIRO ATIVOS,0.12
399,2014-01-01,sanb11,rentabilidade,GIRO ATIVOS,0.11
400,2013-01-01,sanb11,rentabilidade,GIRO ATIVOS,0.11
401,2012-01-01,sanb11,rentabilidade,GIRO ATIVOS,0.12
402,2011-01-01,sanb11,rentabilidade,GIRO ATIVOS,0.13
403,2010-01-01,sanb11,rentabilidade,GIRO ATIVOS,0.11
404,2009-01-01,sanb11,rentabilidade,GIRO ATIVOS,0.12
405,2008-01-01,sanb11,rentabilidade,GIRO ATIVOS,0.08
406,2023-01-01,sanb11,crescimento,CAGR RECEITAS 5 ANOS,0.1003999999999999
407,2022-01-01,sanb11,crescimento,CAGR RECEITAS 5 ANOS,0.1003999999999999
408,2021-01-01,sanb11,crescimento,CAGR RECEITAS 5 ANOS,0.0022
409,2020-01-01,sanb11,crescimento,CAGR RECEITAS 5 ANOS,-0.0212
410,2019-01-01,sanb11,crescimento,CAGR RECEITAS 5 ANOS,0.0433
411,2018-01-01,sanb11,crescimento,CAGR RECEITAS 5 ANOS,0.0659
412,2017-01-01,sanb11,crescimento,CAGR RECEITAS 5 ANOS,0.0629
413,2016-01-01,sanb11,crescimento,CAGR RECEITAS 5 ANOS,0.0833
414,2015-01-01,sanb11,crescimento,CAGR RECEITAS 5 ANOS,0.113
415,2014-01-01,sanb11,crescimento,CAGR RECEITAS 5 ANOS,0.0841
416,2013-01-01,sanb11,crescimento,CAGR RECEITAS 5 ANOS,0.166
417,2023-01-01,sanb11,crescimento,CAGR LUCROS 5 ANOS,0.0229
418,2022-01-01,sanb11,crescimento,CAGR LUCROS 5 ANOS,0.0994999999999999
419,2021-01-01,sanb11,crescimento,CAGR LUCROS 5 ANOS,0.1623
420,2020-01-01,sanb11,crescimento,CAGR LUCROS 5 ANOS,0.0652
421,2019-01-01,sanb11,crescimento,CAGR LUCROS 5 ANOS,0.2385
422,2018-01-01,sanb11,crescimento,CAGR LUCROS 5 ANOS,0.1705999999999999
423,2017-01-01,sanb11,crescimento,CAGR LUCROS 5 ANOS,0.1023
424,2016-01-01,sanb11,crescimento,CAGR LUCROS 5 ANOS,-0.0107
425,2015-01-01,sanb11,crescimento,CAGR LUCROS 5 ANOS,0.0579
426,2014-01-01,sanb11,crescimento,CAGR LUCROS 5 ANOS,0.0044
427,2013-01-01,sanb11,crescimento,CAGR LUCROS 5 ANOS,0.192
